ticker,event_date,event_type,return_value,window_days,classification,priority_score,universe_tier,score_before_event,tier_before_event,had_catalyst_evidence,was_in_universe,was_scored,root_cause_hint,score_join_method
ORCL,2026-05-01,gain_1d_5pct,6.47,1,true_miss,5.3,primary,21.5625,Incomplete,True,True,True,data_gap,scores_join
AIG,2026-05-01,gain_1d_5pct,5.31,1,scored_missed,5.3,primary,46.40054324845599,C,True,True,True,scoring_blind_spot,scores_join
CBOE,2026-05-01,gain_1d_5pct,7.89,1,true_miss,5.3,primary,29.16666666666667,Reject,True,True,True,scoring_blind_spot,scores_join
DDOG,2026-05-01,gain_1d_5pct,6.31,1,true_miss,5.3,primary,16.0,Incomplete,True,True,True,data_gap,scores_join
INTC,2026-05-01,gain_1d_5pct,5.44,1,true_miss,5.3,primary,22.875,Incomplete,True,True,True,data_gap,scores_join
SNDK,2026-05-01,gain_1d_5pct,8.25,1,true_miss,5.3,primary,17.875,Incomplete,True,True,True,data_gap,scores_join
STX,2026-05-01,gain_1d_5pct,7.91,1,true_miss,5.3,primary,23.4375,Incomplete,True,True,True,data_gap,scores_join
BMY,2026-04-30,gain_1d_5pct,5.21,1,unscored_mover,5.3,primary,,,True,True,False,data_gap,none
AMD,2026-04-30,gain_1d_5pct,5.16,1,unscored_mover,5.3,primary,,,True,True,False,data_gap,none
CMI,2026-04-30,gain_1d_5pct,5.02,1,unscored_mover,5.3,primary,,,True,True,False,data_gap,none
GLW,2026-04-30,gain_1d_5pct,8.12,1,unscored_mover,5.3,primary,,,True,True,False,data_gap,none
CASY,2026-04-30,gain_1d_5pct,5.2,1,unscored_mover,5.3,primary,,,True,True,False,data_gap,none
QCOM,2026-04-30,gain_1d_5pct,15.12,1,unscored_mover,5.3,primary,,,True,True,False,data_gap,none
IRM,2026-04-30,gain_1d_5pct,10.02,1,unscored_mover,5.3,primary,,,True,True,False,data_gap,none
CARR,2026-04-30,gain_1d_5pct,8.79,1,unscored_mover,5.3,primary,,,True,True,False,data_gap,none
GOOGL,2026-04-30,gain_1d_5pct,9.96,1,unscored_mover,5.3,primary,,,True,True,False,data_gap,none
MPWR,2026-04-30,gain_1d_5pct,5.74,1,unscored_mover,5.3,primary,,,True,True,False,data_gap,none
VRT,2026-04-30,gain_1d_5pct,7.29,1,unscored_mover,5.3,primary,,,True,True,False,data_gap,none
XEL,2026-04-30,gain_1d_5pct,5.24,1,unscored_mover,5.3,primary,,,True,True,False,data_gap,none
FIX,2026-04-30,gain_1d_5pct,6.73,1,unscored_mover,5.3,primary,,,True,True,False,data_gap,none
ETN,2026-04-30,gain_1d_5pct,5.41,1,unscored_mover,5.3,primary,,,True,True,False,data_gap,none
LLY,2026-04-30,gain_1d_5pct,9.8,1,unscored_mover,5.3,primary,,,True,True,False,data_gap,none
APO,2026-04-30,gain_1d_5pct,5.27,1,unscored_mover,5.3,primary,,,True,True,False,data_gap,none
ARES,2026-04-30,gain_1d_5pct,5.9,1,unscored_mover,5.3,primary,,,True,True,False,data_gap,none
TER,2026-04-30,gain_1d_5pct,12.12,1,unscored_mover,5.3,primary,,,True,True,False,data_gap,none
WAT,2026-04-30,gain_1d_5pct,5.85,1,unscored_mover,5.3,primary,,,True,True,False,data_gap,none
CAT,2026-04-30,gain_1d_5pct,9.88,1,unscored_mover,5.3,primary,,,True,True,False,data_gap,none
MO,2026-04-30,gain_1d_5pct,6.52,1,unscored_mover,5.3,primary,,,True,True,False,data_gap,none
CEG,2026-04-30,gain_1d_5pct,5.39,1,unscored_mover,5.3,primary,,,True,True,False,data_gap,none
PWR,2026-04-30,gain_1d_5pct,15.78,1,unscored_mover,5.3,primary,,,True,True,False,data_gap,none
AZO,2026-04-30,gain_1d_5pct,5.12,1,unscored_mover,5.3,primary,,,True,True,False,data_gap,none
DE,2026-04-30,gain_1d_5pct,5.33,1,unscored_mover,5.3,primary,,,True,True,False,data_gap,none
EME,2026-04-30,gain_1d_5pct,7.0,1,unscored_mover,5.3,primary,,,True,True,False,data_gap,none
KKR,2026-04-30,gain_1d_5pct,5.05,1,unscored_mover,5.3,primary,,,True,True,False,data_gap,none
CIEN,2026-04-30,gain_1d_5pct,10.98,1,unscored_mover,5.3,primary,,,True,True,False,data_gap,none
ORLY,2026-04-30,gain_1d_5pct,8.41,1,unscored_mover,5.3,primary,,,True,True,False,data_gap,none
BIIB,2026-04-29,gain_1d_5pct,6.0,1,unscored_mover,5.3,primary,,,True,True,False,data_gap,none
GD,2026-04-29,gain_1d_5pct,7.99,1,unscored_mover,5.3,primary,,,True,True,False,data_gap,none
INTC,2026-04-29,gain_1d_5pct,12.1,1,unscored_mover,5.3,primary,,,True,True,False,data_gap,none
MCHP,2026-04-29,gain_1d_5pct,7.01,1,unscored_mover,5.3,primary,,,True,True,False,data_gap,none
PSX,2026-04-29,gain_1d_5pct,5.06,1,unscored_mover,5.3,primary,,,True,True,False,data_gap,none
V,2026-04-29,gain_1d_5pct,8.26,1,unscored_mover,5.3,primary,,,True,True,False,data_gap,none
WDC,2026-04-29,gain_1d_5pct,5.57,1,unscored_mover,5.3,primary,,,True,True,False,data_gap,none
LITE,2026-04-29,gain_1d_5pct,8.46,1,unscored_mover,5.3,primary,,,True,True,False,data_gap,none
NXPI,2026-04-29,gain_1d_5pct,25.55,1,unscored_mover,5.3,primary,,,True,True,False,data_gap,none
SBUX,2026-04-29,gain_1d_5pct,8.45,1,unscored_mover,5.3,primary,,,True,True,False,data_gap,none
HUM,2026-04-29,gain_1d_5pct,5.83,1,unscored_mover,5.3,primary,,,True,True,False,data_gap,none
TMUS,2026-04-29,gain_1d_5pct,6.13,1,unscored_mover,5.3,primary,,,True,True,False,data_gap,none
STX,2026-04-29,gain_1d_5pct,11.1,1,unscored_mover,5.3,primary,,,True,True,False,data_gap,none
ON,2026-04-29,gain_1d_5pct,5.96,1,unscored_mover,5.3,primary,,,True,True,False,data_gap,none
ADP,2026-04-29,gain_1d_5pct,7.98,1,unscored_mover,5.3,primary,,,True,True,False,data_gap,none
SNDK,2026-04-29,gain_1d_5pct,6.17,1,unscored_mover,5.3,primary,,,True,True,False,data_gap,none
CNC,2026-04-28,gain_1d_5pct,13.95,1,unscored_mover,5.3,primary,,,True,True,False,data_gap,none
MU,2026-04-27,gain_1d_5pct,5.6,1,unscored_mover,5.3,primary,,,True,True,False,data_gap,none
SNDK,2026-04-27,gain_1d_5pct,8.11,1,unscored_mover,5.3,primary,,,True,True,False,data_gap,none
NOW,2026-04-24,gain_1d_5pct,6.36,1,unscored_mover,5.3,primary,,,True,True,False,data_gap,none
QCOM,2026-04-24,gain_1d_5pct,11.12,1,unscored_mover,5.3,primary,,,True,True,False,data_gap,none
INTC,2026-04-24,gain_1d_5pct,23.6,1,unscored_mover,5.3,primary,,,True,True,False,data_gap,none
CDNS,2026-04-24,gain_1d_5pct,5.9,1,unscored_mover,5.3,primary,,,True,True,False,data_gap,none
KLAC,2026-04-24,gain_1d_5pct,6.59,1,unscored_mover,5.3,primary,,,True,True,False,data_gap,none
EW,2026-04-24,gain_1d_5pct,5.56,1,unscored_mover,5.3,primary,,,True,True,False,data_gap,none
NEM,2026-04-24,gain_1d_5pct,8.68,1,unscored_mover,5.3,primary,,,True,True,False,data_gap,none
CEG,2026-04-24,gain_1d_5pct,7.09,1,unscored_mover,5.3,primary,,,True,True,False,data_gap,none
SNPS,2026-04-24,gain_1d_5pct,9.62,1,unscored_mover,5.3,primary,,,True,True,False,data_gap,none
SNDK,2026-04-24,gain_1d_5pct,6.16,1,unscored_mover,5.3,primary,,,True,True,False,data_gap,none
BKR,2026-04-24,gain_1d_5pct,6.9,1,unscored_mover,5.3,primary,,,True,True,False,data_gap,none
AMD,2026-04-24,gain_1d_5pct,13.91,1,unscored_mover,5.3,primary,,,True,True,False,data_gap,none
CSX,2026-04-23,gain_1d_5pct,6.95,1,unscored_mover,5.3,primary,,,True,True,False,data_gap,none
ELV,2026-04-23,gain_1d_5pct,5.51,1,unscored_mover,5.3,primary,,,True,True,False,data_gap,none
MCHP,2026-04-23,gain_1d_5pct,9.89,1,unscored_mover,5.3,primary,,,True,True,False,data_gap,none
CNC,2026-04-23,gain_1d_5pct,5.55,1,unscored_mover,5.3,primary,,,True,True,False,data_gap,none
TXN,2026-04-23,gain_1d_5pct,19.43,1,unscored_mover,5.3,primary,,,True,True,False,data_gap,none
VRT,2026-04-23,gain_1d_5pct,5.44,1,unscored_mover,5.3,primary,,,True,True,False,data_gap,none
NSC,2026-04-23,gain_1d_5pct,7.75,1,unscored_mover,5.3,primary,,,True,True,False,data_gap,none
DOV,2026-04-23,gain_1d_5pct,5.54,1,unscored_mover,5.3,primary,,,True,True,False,data_gap,none
KDP,2026-04-23,gain_1d_5pct,7.5,1,unscored_mover,5.3,primary,,,True,True,False,data_gap,none
NXPI,2026-04-23,gain_1d_5pct,6.83,1,unscored_mover,5.3,primary,,,True,True,False,data_gap,none
UNP,2026-04-23,gain_1d_5pct,8.77,1,unscored_mover,5.3,primary,,,True,True,False,data_gap,none
CMCSA,2026-04-23,gain_1d_5pct,7.73,1,unscored_mover,5.3,primary,,,True,True,False,data_gap,none
NEE,2026-04-23,gain_1d_5pct,6.94,1,unscored_mover,5.3,primary,,,True,True,False,data_gap,none
ON,2026-04-23,gain_1d_5pct,9.88,1,unscored_mover,5.3,primary,,,True,True,False,data_gap,none
ADI,2026-04-23,gain_1d_5pct,5.89,1,unscored_mover,5.3,primary,,,True,True,False,data_gap,none
URI,2026-04-23,gain_1d_5pct,22.92,1,unscored_mover,5.3,primary,,,True,True,False,data_gap,none
BSX,2026-04-22,gain_1d_5pct,8.99,1,unscored_mover,5.3,primary,,,True,True,False,data_gap,none
GEV,2026-04-22,gain_1d_5pct,13.75,1,unscored_mover,5.3,primary,,,True,True,False,data_gap,none
MU,2026-04-22,gain_1d_5pct,8.48,1,unscored_mover,5.3,primary,,,True,True,False,data_gap,none
PM,2026-04-22,gain_1d_5pct,6.98,1,unscored_mover,5.3,primary,,,True,True,False,data_gap,none
AVGO,2026-04-22,gain_1d_5pct,5.09,1,unscored_mover,5.3,primary,,,True,True,False,data_gap,none
ISRG,2026-04-22,gain_1d_5pct,7.16,1,unscored_mover,5.3,primary,,,True,True,False,data_gap,none
SNDK,2026-04-22,gain_1d_5pct,8.37,1,unscored_mover,5.3,primary,,,True,True,False,data_gap,none
BA,2026-04-22,gain_1d_5pct,5.53,1,unscored_mover,5.3,primary,,,True,True,False,data_gap,none
COIN,2026-04-22,gain_1d_5pct,5.25,1,unscored_mover,5.3,primary,,,True,True,False,data_gap,none
AMD,2026-04-22,gain_1d_5pct,6.67,1,unscored_mover,5.3,primary,,,True,True,False,data_gap,none
DHI,2026-04-21,gain_1d_5pct,5.78,1,unscored_mover,5.3,primary,,,True,True,False,data_gap,none
MSCI,2026-04-21,gain_1d_5pct,5.37,1,unscored_mover,5.3,primary,,,True,True,False,data_gap,none
STLD,2026-04-21,gain_1d_5pct,5.19,1,unscored_mover,5.3,primary,,,True,True,False,data_gap,none
UNH,2026-04-21,gain_1d_5pct,6.96,1,unscored_mover,5.3,primary,,,True,True,False,data_gap,none
HPE,2026-04-20,gain_1d_5pct,5.18,1,unscored_mover,5.3,primary,,,True,True,False,data_gap,none
RCL,2026-04-17,gain_1d_5pct,7.34,1,unscored_mover,5.3,primary,,,True,True,False,data_gap,none
UAL,2026-04-17,gain_1d_5pct,7.12,1,unscored_mover,5.3,primary,,,True,True,False,data_gap,none
CCL,2026-04-17,gain_1d_5pct,6.99,1,unscored_mover,5.3,primary,,,True,True,False,data_gap,none
CVNA,2026-04-17,gain_1d_5pct,6.98,1,unscored_mover,5.3,primary,,,True,True,False,data_gap,none
DELL,2026-04-16,gain_1d_5pct,8.92,1,unscored_mover,5.3,primary,,,True,True,False,data_gap,none
CHTR,2026-04-16,gain_1d_5pct,7.12,1,unscored_mover,5.3,primary,,,True,True,False,data_gap,none
ORCL,2026-04-16,gain_1d_5pct,5.02,1,unscored_mover,5.3,primary,,,True,True,False,data_gap,none
INTC,2026-04-16,gain_1d_5pct,5.48,1,unscored_mover,5.3,primary,,,True,True,False,data_gap,none
HPE,2026-04-16,gain_1d_5pct,5.16,1,unscored_mover,5.3,primary,,,True,True,False,data_gap,none
LITE,2026-04-16,gain_1d_5pct,8.16,1,unscored_mover,5.3,primary,,,True,True,False,data_gap,none
ON,2026-04-16,gain_1d_5pct,10.35,1,unscored_mover,5.3,primary,,,True,True,False,data_gap,none
COHR,2026-04-16,gain_1d_5pct,6.42,1,unscored_mover,5.3,primary,,,True,True,False,data_gap,none
AMD,2026-04-16,gain_1d_5pct,7.8,1,unscored_mover,5.3,primary,,,True,True,False,data_gap,none
NOW,2026-04-15,gain_1d_5pct,7.29,1,unscored_mover,5.3,primary,,,True,True,False,data_gap,none
DASH,2026-04-15,gain_1d_5pct,10.02,1,unscored_mover,5.3,primary,,,True,True,False,data_gap,none
DDOG,2026-04-15,gain_1d_5pct,9.49,1,unscored_mover,5.3,primary,,,True,True,False,data_gap,none
HOOD,2026-04-15,gain_1d_5pct,10.41,1,unscored_mover,5.3,primary,,,True,True,False,data_gap,none
WDAY,2026-04-15,gain_1d_5pct,5.31,1,unscored_mover,5.3,primary,,,True,True,False,data_gap,none
APP,2026-04-15,gain_1d_5pct,7.18,1,unscored_mover,5.3,primary,,,True,True,False,data_gap,none
INTU,2026-04-15,gain_1d_5pct,6.25,1,unscored_mover,5.3,primary,,,True,True,False,data_gap,none
COIN,2026-04-15,gain_1d_5pct,6.23,1,unscored_mover,5.3,primary,,,True,True,False,data_gap,none
SHOP,2026-05-01,gain_1d_5pct,5.4,1,true_miss,5.1,extended,15.0,Incomplete,True,True,True,data_gap,scores_join
MSTR,2026-05-01,gain_1d_5pct,7.08,1,true_miss,5.1,extended,10.166666666666664,Incomplete,True,True,True,data_gap,scores_join
NET,2026-05-01,gain_1d_5pct,6.11,1,true_miss,5.1,extended,0.0,Incomplete,True,True,True,data_gap,scores_join
NBIS,2026-05-01,gain_1d_5pct,11.76,1,true_miss,5.1,extended,11.5625,Incomplete,True,True,True,data_gap,scores_join
RDDT,2026-05-01,gain_1d_5pct,13.07,1,true_miss,5.1,extended,21.0,Incomplete,True,True,True,data_gap,scores_join
CRWV,2026-05-01,gain_1d_5pct,6.64,1,true_miss,5.1,extended,2.0,Incomplete,True,True,True,data_gap,scores_join
CRDO,2026-05-01,gain_1d_5pct,5.96,1,true_miss,5.1,extended,15.375,Incomplete,True,True,True,data_gap,scores_join
FMX,2026-04-30,gain_1d_5pct,5.56,1,unscored_mover,5.1,extended,,,True,True,False,data_gap,none
NTRA,2026-04-30,gain_1d_5pct,5.86,1,unscored_mover,5.1,extended,,,True,True,False,data_gap,none
RTNTF,2026-04-30,gain_1d_5pct,5.78,1,unscored_mover,5.1,extended,,,True,True,False,data_gap,none
ASTS,2026-04-30,gain_1d_5pct,5.8,1,unscored_mover,5.1,extended,,,True,True,False,data_gap,none
MTZ,2026-04-30,gain_1d_5pct,6.34,1,unscored_mover,5.1,extended,,,True,True,False,data_gap,none
CCJ,2026-04-30,gain_1d_5pct,7.66,1,unscored_mover,5.1,extended,,,True,True,False,data_gap,none
MRVL,2026-04-30,gain_1d_5pct,5.48,1,unscored_mover,5.1,extended,,,True,True,False,data_gap,none
CLS,2026-04-30,gain_1d_5pct,8.78,1,unscored_mover,5.1,extended,,,True,True,False,data_gap,none
ALAB,2026-04-29,gain_1d_5pct,7.39,1,unscored_mover,5.1,extended,,,True,True,False,data_gap,none
STM,2026-04-29,gain_1d_5pct,5.74,1,unscored_mover,5.1,extended,,,True,True,False,data_gap,none
UMC,2026-04-29,gain_1d_5pct,9.35,1,unscored_mover,5.1,extended,,,True,True,False,data_gap,none
NOK,2026-04-29,gain_1d_5pct,10.27,1,unscored_mover,5.1,extended,,,True,True,False,data_gap,none
CRDO,2026-04-29,gain_1d_5pct,5.94,1,unscored_mover,5.1,extended,,,True,True,False,data_gap,none
VG,2026-04-29,gain_1d_5pct,8.22,1,unscored_mover,5.1,extended,,,True,True,False,data_gap,none
GFS,2026-04-29,gain_1d_5pct,5.46,1,unscored_mover,5.1,extended,,,True,True,False,data_gap,none
BE,2026-04-29,gain_1d_5pct,27.21,1,unscored_mover,5.1,extended,,,True,True,False,data_gap,none
TEVA,2026-04-29,gain_1d_5pct,11.89,1,unscored_mover,5.1,extended,,,True,True,False,data_gap,none
CRWV,2026-04-29,gain_1d_5pct,8.21,1,unscored_mover,5.1,extended,,,True,True,False,data_gap,none
RSHGY,2026-04-28,gain_1d_5pct,7.63,1,unscored_mover,5.1,extended,,,False,True,False,data_gap,none
RVMD,2026-04-28,gain_1d_5pct,9.99,1,unscored_mover,5.1,extended,,,True,True,False,data_gap,none
ALAB,2026-04-24,gain_1d_5pct,7.75,1,unscored_mover,5.1,extended,,,True,True,False,data_gap,none
NVO,2026-04-24,gain_1d_5pct,6.88,1,unscored_mover,5.1,extended,,,True,True,False,data_gap,none
ATEYY,2026-04-24,gain_1d_5pct,8.32,1,unscored_mover,5.1,extended,,,False,True,False,data_gap,none
BIDU,2026-04-24,gain_1d_5pct,5.91,1,unscored_mover,5.1,extended,,,True,True,False,data_gap,none
ARM,2026-04-24,gain_1d_5pct,14.76,1,unscored_mover,5.1,extended,,,True,True,False,data_gap,none
SAP,2026-04-24,gain_1d_5pct,7.36,1,unscored_mover,5.1,extended,,,True,True,False,data_gap,none
CRDO,2026-04-24,gain_1d_5pct,5.12,1,unscored_mover,5.1,extended,,,True,True,False,data_gap,none
FLEX,2026-04-24,gain_1d_5pct,5.19,1,unscored_mover,5.1,extended,,,True,True,False,data_gap,none
ASX,2026-04-24,gain_1d_5pct,7.35,1,unscored_mover,5.1,extended,,,True,True,False,data_gap,none
STM,2026-04-23,gain_1d_5pct,10.81,1,unscored_mover,5.1,extended,,,True,True,False,data_gap,none
SUNB,2026-04-23,gain_1d_5pct,9.18,1,unscored_mover,5.1,extended,,,True,True,False,data_gap,none
WCN,2026-04-23,gain_1d_5pct,7.91,1,unscored_mover,5.1,extended,,,True,True,False,data_gap,none
IFNNY,2026-04-23,gain_1d_5pct,6.02,1,unscored_mover,5.1,extended,,,False,True,False,data_gap,none
MRVL,2026-04-23,gain_1d_5pct,5.24,1,unscored_mover,5.1,extended,,,True,True,False,data_gap,none
ATEYY,2026-04-22,gain_1d_5pct,6.45,1,unscored_mover,5.1,extended,,,False,True,False,data_gap,none
ARM,2026-04-22,gain_1d_5pct,12.01,1,unscored_mover,5.1,extended,,,True,True,False,data_gap,none
MSTR,2026-04-22,gain_1d_5pct,9.39,1,unscored_mover,5.1,extended,,,True,True,False,data_gap,none
ASTS,2026-04-22,gain_1d_5pct,5.81,1,unscored_mover,5.1,extended,,,True,True,False,data_gap,none
CCJ,2026-04-22,gain_1d_5pct,8.46,1,unscored_mover,5.1,extended,,,True,True,False,data_gap,none
CRWV,2026-04-22,gain_1d_5pct,6.41,1,unscored_mover,5.1,extended,,,True,True,False,data_gap,none
ALAB,2026-04-21,gain_1d_5pct,9.2,1,unscored_mover,5.1,extended,,,True,True,False,data_gap,none
BNTX,2026-04-21,gain_1d_5pct,6.09,1,unscored_mover,5.1,extended,,,True,True,False,data_gap,none
VG,2026-04-21,gain_1d_5pct,5.59,1,unscored_mover,5.1,extended,,,True,True,False,data_gap,none
ARM,2026-04-20,gain_1d_5pct,5.02,1,unscored_mover,5.1,extended,,,True,True,False,data_gap,none
UMC,2026-04-20,gain_1d_5pct,8.4,1,unscored_mover,5.1,extended,,,True,True,False,data_gap,none
CRDO,2026-04-20,gain_1d_5pct,8.61,1,unscored_mover,5.1,extended,,,True,True,False,data_gap,none
GFS,2026-04-20,gain_1d_5pct,7.32,1,unscored_mover,5.1,extended,,,True,True,False,data_gap,none
BE,2026-04-20,gain_1d_5pct,5.01,1,unscored_mover,5.1,extended,,,True,True,False,data_gap,none
MRVL,2026-04-20,gain_1d_5pct,5.83,1,unscored_mover,5.1,extended,,,True,True,False,data_gap,none
GFI,2026-04-17,gain_1d_5pct,5.98,1,unscored_mover,5.1,extended,,,True,True,False,data_gap,none
STM,2026-04-17,gain_1d_5pct,6.37,1,unscored_mover,5.1,extended,,,True,True,False,data_gap,none
CUK,2026-04-17,gain_1d_5pct,6.89,1,unscored_mover,5.1,extended,,,True,True,False,data_gap,none
VIK,2026-04-17,gain_1d_5pct,6.84,1,unscored_mover,5.1,extended,,,True,True,False,data_gap,none
SUNB,2026-04-17,gain_1d_5pct,7.48,1,unscored_mover,5.1,extended,,,True,True,False,data_gap,none
RSHGY,2026-04-17,gain_1d_5pct,5.24,1,unscored_mover,5.1,extended,,,False,True,False,data_gap,none
UMC,2026-04-17,gain_1d_5pct,9.79,1,unscored_mover,5.1,extended,,,True,True,False,data_gap,none
MSTR,2026-04-17,gain_1d_5pct,11.8,1,unscored_mover,5.1,extended,,,True,True,False,data_gap,none
IFNNY,2026-04-17,gain_1d_5pct,5.79,1,unscored_mover,5.1,extended,,,False,True,False,data_gap,none
NTRA,2026-04-17,gain_1d_5pct,6.27,1,unscored_mover,5.1,extended,,,True,True,False,data_gap,none
GFS,2026-04-17,gain_1d_5pct,8.65,1,unscored_mover,5.1,extended,,,True,True,False,data_gap,none
RKT,2026-04-17,gain_1d_5pct,5.52,1,unscored_mover,5.1,extended,,,True,True,False,data_gap,none
RYAAY,2026-04-17,gain_1d_5pct,8.1,1,unscored_mover,5.1,extended,,,True,True,False,data_gap,none
WPM,2026-04-17,gain_1d_5pct,5.29,1,unscored_mover,5.1,extended,,,True,True,False,data_gap,none
SHOP,2026-04-15,gain_1d_5pct,8.31,1,unscored_mover,5.1,extended,,,True,True,False,data_gap,none
NET,2026-04-15,gain_1d_5pct,6.43,1,unscored_mover,5.1,extended,,,True,True,False,data_gap,none
SE,2026-04-15,gain_1d_5pct,5.53,1,unscored_mover,5.1,extended,,,True,True,False,data_gap,none
TRI,2026-04-15,gain_1d_5pct,5.06,1,unscored_mover,5.1,extended,,,True,True,False,data_gap,none
SNOW,2026-04-15,gain_1d_5pct,6.65,1,unscored_mover,5.1,extended,,,True,True,False,data_gap,none
LLY,2026-05-01,gain_3d_8pct,10.22,3,near_threshold,4.5,primary,41.45473683027536,Reject,True,True,True,near_threshold,scores_join
GOOGL,2026-05-01,gain_3d_8pct,10.27,3,near_threshold,4.5,primary,41.69010568523905,Reject,True,True,True,near_threshold,scores_join
WDC,2026-05-01,gain_3d_8pct,10.37,3,true_miss,4.3,primary,22.875,Incomplete,True,True,True,data_gap,scores_join
SBUX,2026-05-01,gain_3d_8pct,8.86,3,true_miss,4.3,primary,26.25,Incomplete,True,True,True,data_gap,scores_join
FIX,2026-05-01,gain_3d_8pct,8.6,3,true_miss,4.3,primary,27.5,Incomplete,True,True,True,data_gap,scores_join
COHR,2026-05-01,gain_3d_8pct,8.4,3,true_miss,4.3,primary,38.148457384294936,Reject,True,True,True,scoring_blind_spot,scores_join
LITE,2026-05-01,gain_3d_8pct,20.04,3,true_miss,4.3,primary,19.6875,Incomplete,True,True,True,data_gap,scores_join
MCHP,2026-05-01,gain_3d_8pct,11.5,3,true_miss,4.3,primary,10.0,Incomplete,True,True,True,data_gap,scores_join
IRM,2026-05-01,gain_3d_8pct,12.94,3,true_miss,4.3,primary,26.25,Incomplete,True,True,True,data_gap,scores_join
CAT,2026-05-01,gain_3d_8pct,8.65,3,true_miss,4.3,primary,34.66666666666667,Reject,True,True,True,scoring_blind_spot,scores_join
CIEN,2026-05-01,gain_3d_8pct,14.13,3,true_miss,4.3,primary,20.166666666666668,Reject,True,True,True,scoring_blind_spot,scores_join
INTC,2026-05-01,gain_3d_8pct,17.87,3,true_miss,4.3,primary,22.875,Incomplete,True,True,True,data_gap,scores_join
SNDK,2026-05-01,gain_3d_8pct,18.42,3,true_miss,4.3,primary,17.875,Incomplete,True,True,True,data_gap,scores_join
PWR,2026-05-01,gain_3d_8pct,17.64,3,true_miss,4.3,primary,26.25,Incomplete,True,True,True,data_gap,scores_join
GD,2026-05-01,gain_3d_8pct,10.25,3,true_miss,4.3,primary,25.3125,Incomplete,True,True,True,data_gap,scores_join
ON,2026-05-01,gain_3d_8pct,10.43,3,true_miss,4.3,primary,11.875,Incomplete,True,True,True,data_gap,scores_join
AMD,2026-05-01,gain_3d_8pct,11.09,3,true_miss,4.3,primary,20.666666666666668,Reject,True,True,True,scoring_blind_spot,scores_join
CARR,2026-05-01,gain_3d_8pct,8.94,3,true_miss,4.3,primary,32.875,Reject,True,True,True,scoring_blind_spot,scores_join
STX,2026-05-01,gain_3d_8pct,25.54,3,true_miss,4.3,primary,23.4375,Incomplete,True,True,True,data_gap,scores_join
NXPI,2026-05-01,gain_3d_8pct,28.15,3,true_miss,4.3,primary,21.0,Incomplete,True,True,True,data_gap,scores_join
QCOM,2026-04-30,gain_3d_8pct,19.51,3,unscored_mover,4.3,primary,,,True,True,False,data_gap,none
PSX,2026-04-30,gain_3d_8pct,9.17,3,unscored_mover,4.3,primary,,,True,True,False,data_gap,none
MPC,2026-04-30,gain_3d_8pct,9.28,3,unscored_mover,4.3,primary,,,True,True,False,data_gap,none
MO,2026-04-30,gain_3d_8pct,10.08,3,unscored_mover,4.3,primary,,,True,True,False,data_gap,none
ORLY,2026-04-30,gain_3d_8pct,8.08,3,unscored_mover,4.3,primary,,,True,True,False,data_gap,none
ELV,2026-04-29,gain_3d_8pct,9.24,3,unscored_mover,4.3,primary,,,True,True,False,data_gap,none
CNC,2026-04-29,gain_3d_8pct,29.08,3,unscored_mover,4.3,primary,,,True,True,False,data_gap,none
V,2026-04-29,gain_3d_8pct,8.22,3,unscored_mover,4.3,primary,,,True,True,False,data_gap,none
HUM,2026-04-29,gain_3d_8pct,12.96,3,unscored_mover,4.3,primary,,,True,True,False,data_gap,none
ADP,2026-04-29,gain_3d_8pct,9.43,3,unscored_mover,4.3,primary,,,True,True,False,data_gap,none
AMD,2026-04-24,gain_3d_8pct,22.26,3,unscored_mover,4.3,primary,,,True,True,False,data_gap,none
INTC,2026-04-24,gain_3d_8pct,24.57,3,unscored_mover,4.3,primary,,,True,True,False,data_gap,none
QCOM,2026-04-24,gain_3d_8pct,9.8,3,unscored_mover,4.3,primary,,,True,True,False,data_gap,none
MU,2026-04-24,gain_3d_8pct,10.53,3,unscored_mover,4.3,primary,,,True,True,False,data_gap,none
KLAC,2026-04-24,gain_3d_8pct,8.38,3,unscored_mover,4.3,primary,,,True,True,False,data_gap,none
TER,2026-04-24,gain_3d_8pct,10.04,3,unscored_mover,4.3,primary,,,True,True,False,data_gap,none
KDP,2026-04-24,gain_3d_8pct,10.51,3,unscored_mover,4.3,primary,,,True,True,False,data_gap,none
NEM,2026-04-24,gain_3d_8pct,10.43,3,unscored_mover,4.3,primary,,,True,True,False,data_gap,none
CEG,2026-04-24,gain_3d_8pct,12.9,3,unscored_mover,4.3,primary,,,True,True,False,data_gap,none
SNDK,2026-04-24,gain_3d_8pct,9.56,3,unscored_mover,4.3,primary,,,True,True,False,data_gap,none
BKR,2026-04-24,gain_3d_8pct,14.42,3,unscored_mover,4.3,primary,,,True,True,False,data_gap,none
ELV,2026-04-23,gain_3d_8pct,8.43,3,unscored_mover,4.3,primary,,,True,True,False,data_gap,none
GEV,2026-04-23,gain_3d_8pct,16.09,3,unscored_mover,4.3,primary,,,True,True,False,data_gap,none
MCHP,2026-04-23,gain_3d_8pct,12.75,3,unscored_mover,4.3,primary,,,True,True,False,data_gap,none
TXN,2026-04-23,gain_3d_8pct,20.77,3,unscored_mover,4.3,primary,,,True,True,False,data_gap,none
HAL,2026-04-23,gain_3d_8pct,8.1,3,unscored_mover,4.3,primary,,,True,True,False,data_gap,none
NXPI,2026-04-23,gain_3d_8pct,8.95,3,unscored_mover,4.3,primary,,,True,True,False,data_gap,none
UNH,2026-04-23,gain_3d_8pct,9.61,3,unscored_mover,4.3,primary,,,True,True,False,data_gap,none
STX,2026-04-23,gain_3d_8pct,8.87,3,unscored_mover,4.3,primary,,,True,True,False,data_gap,none
URI,2026-04-23,gain_3d_8pct,21.48,3,unscored_mover,4.3,primary,,,True,True,False,data_gap,none
ON,2026-04-23,gain_3d_8pct,14.28,3,unscored_mover,4.3,primary,,,True,True,False,data_gap,none
DELL,2026-04-22,gain_3d_8pct,9.21,3,unscored_mover,4.3,primary,,,True,True,False,data_gap,none
DOW,2026-04-22,gain_3d_8pct,9.02,3,unscored_mover,4.3,primary,,,True,True,False,data_gap,none
CRWD,2026-04-22,gain_3d_8pct,10.08,3,unscored_mover,4.3,primary,,,True,True,False,data_gap,none
STLD,2026-04-22,gain_3d_8pct,13.55,3,unscored_mover,4.3,primary,,,True,True,False,data_gap,none
NUE,2026-04-22,gain_3d_8pct,9.39,3,unscored_mover,4.3,primary,,,True,True,False,data_gap,none
ANET,2026-04-22,gain_3d_8pct,8.22,3,unscored_mover,4.3,primary,,,True,True,False,data_gap,none
DHI,2026-04-21,gain_3d_8pct,8.27,3,unscored_mover,4.3,primary,,,True,True,False,data_gap,none
HPE,2026-04-21,gain_3d_8pct,8.77,3,unscored_mover,4.3,primary,,,True,True,False,data_gap,none
CHTR,2026-04-17,gain_3d_8pct,9.76,3,unscored_mover,4.3,primary,,,True,True,False,data_gap,none
HPE,2026-04-17,gain_3d_8pct,8.05,3,unscored_mover,4.3,primary,,,True,True,False,data_gap,none
CIEN,2026-04-17,gain_3d_8pct,8.61,3,unscored_mover,4.3,primary,,,True,True,False,data_gap,none
ON,2026-04-17,gain_3d_8pct,15.21,3,unscored_mover,4.3,primary,,,True,True,False,data_gap,none
COHR,2026-04-17,gain_3d_8pct,10.08,3,unscored_mover,4.3,primary,,,True,True,False,data_gap,none
AMD,2026-04-16,gain_3d_8pct,12.73,3,unscored_mover,4.3,primary,,,True,True,False,data_gap,none
AXON,2026-04-15,gain_3d_8pct,16.26,3,unscored_mover,4.3,primary,,,True,True,False,data_gap,none
DASH,2026-04-15,gain_3d_8pct,17.93,3,unscored_mover,4.3,primary,,,True,True,False,data_gap,none
NOW,2026-04-15,gain_3d_8pct,13.48,3,unscored_mover,4.3,primary,,,True,True,False,data_gap,none
EXPE,2026-04-15,gain_3d_8pct,12.87,3,unscored_mover,4.3,primary,,,True,True,False,data_gap,none
DDOG,2026-04-15,gain_3d_8pct,14.89,3,unscored_mover,4.3,primary,,,True,True,False,data_gap,none
HOOD,2026-04-15,gain_3d_8pct,26.2,3,unscored_mover,4.3,primary,,,True,True,False,data_gap,none
ORCL,2026-04-15,gain_3d_8pct,22.97,3,unscored_mover,4.3,primary,,,True,True,False,data_gap,none
MSFT,2026-04-15,gain_3d_8pct,10.88,3,unscored_mover,4.3,primary,,,True,True,False,data_gap,none
CRWD,2026-04-15,gain_3d_8pct,8.48,3,unscored_mover,4.3,primary,,,True,True,False,data_gap,none
PLTR,2026-04-15,gain_3d_8pct,11.0,3,unscored_mover,4.3,primary,,,True,True,False,data_gap,none
TTWO,2026-04-15,gain_3d_8pct,8.67,3,unscored_mover,4.3,primary,,,True,True,False,data_gap,none
BX,2026-04-15,gain_3d_8pct,13.38,3,unscored_mover,4.3,primary,,,True,True,False,data_gap,none
CDNS,2026-04-15,gain_3d_8pct,14.47,3,unscored_mover,4.3,primary,,,True,True,False,data_gap,none
APP,2026-04-15,gain_3d_8pct,18.72,3,unscored_mover,4.3,primary,,,True,True,False,data_gap,none
WDAY,2026-04-15,gain_3d_8pct,10.33,3,unscored_mover,4.3,primary,,,True,True,False,data_gap,none
ADBE,2026-04-15,gain_3d_8pct,8.57,3,unscored_mover,4.3,primary,,,True,True,False,data_gap,none
APO,2026-04-15,gain_3d_8pct,15.59,3,unscored_mover,4.3,primary,,,True,True,False,data_gap,none
ARES,2026-04-15,gain_3d_8pct,18.73,3,unscored_mover,4.3,primary,,,True,True,False,data_gap,none
INTU,2026-04-15,gain_3d_8pct,11.05,3,unscored_mover,4.3,primary,,,True,True,False,data_gap,none
ADSK,2026-04-15,gain_3d_8pct,9.55,3,unscored_mover,4.3,primary,,,True,True,False,data_gap,none
PYPL,2026-04-15,gain_3d_8pct,9.57,3,unscored_mover,4.3,primary,,,True,True,False,data_gap,none
SNPS,2026-04-15,gain_3d_8pct,11.78,3,unscored_mover,4.3,primary,,,True,True,False,data_gap,none
FISV,2026-04-15,gain_3d_8pct,9.27,3,unscored_mover,4.3,primary,,,True,True,False,data_gap,none
KKR,2026-04-15,gain_3d_8pct,13.85,3,unscored_mover,4.3,primary,,,True,True,False,data_gap,none
IBKR,2026-04-15,gain_3d_8pct,11.91,3,unscored_mover,4.3,primary,,,True,True,False,data_gap,none
COIN,2026-04-15,gain_3d_8pct,16.71,3,unscored_mover,4.3,primary,,,True,True,False,data_gap,none
ACN,2026-04-15,gain_3d_8pct,8.06,3,unscored_mover,4.3,primary,,,True,True,False,data_gap,none
IFNNY,2026-05-01,gain_3d_8pct,8.4,3,true_miss,4.1,extended,4.718198010984123,Reject,False,True,True,scoring_blind_spot,scores_join
NBIS,2026-05-01,gain_3d_8pct,14.01,3,true_miss,4.1,extended,11.5625,Incomplete,True,True,True,data_gap,scores_join
UMC,2026-05-01,gain_3d_8pct,11.92,3,true_miss,4.1,extended,0.0,Incomplete,True,True,True,data_gap,scores_join
RDDT,2026-05-01,gain_3d_8pct,12.54,3,true_miss,4.1,extended,21.0,Incomplete,True,True,True,data_gap,scores_join
BE,2026-05-01,gain_3d_8pct,28.34,3,true_miss,4.1,extended,33.03147412844826,Reject,True,True,True,scoring_blind_spot,scores_join
CRWV,2026-05-01,gain_3d_8pct,12.77,3,true_miss,4.1,extended,2.0,Incomplete,True,True,True,data_gap,scores_join
STM,2026-05-01,gain_3d_8pct,11.93,3,true_miss,4.1,extended,26.89854013519549,Reject,True,True,True,scoring_blind_spot,scores_join
CRDO,2026-05-01,gain_3d_8pct,11.13,3,true_miss,4.1,extended,15.375,Incomplete,True,True,True,data_gap,scores_join
MTZ,2026-05-01,gain_3d_8pct,11.28,3,true_miss,4.1,extended,22.5,Incomplete,True,True,True,data_gap,scores_join
ALAB,2026-05-01,gain_3d_8pct,10.14,3,true_miss,4.1,extended,20.375,Reject,True,True,True,scoring_blind_spot,scores_join
CLS,2026-05-01,gain_3d_8pct,15.21,3,true_miss,4.1,extended,32.875,Reject,True,True,True,scoring_blind_spot,scores_join
GFS,2026-05-01,gain_3d_8pct,9.11,3,true_miss,4.1,extended,0.0,Incomplete,True,True,True,data_gap,scores_join
TRP,2026-04-30,gain_3d_8pct,8.11,3,unscored_mover,4.1,extended,,,True,True,False,data_gap,none
RSHGY,2026-04-30,gain_3d_8pct,8.76,3,unscored_mover,4.1,extended,,,False,True,False,data_gap,none
NOK,2026-04-30,gain_3d_8pct,19.98,3,unscored_mover,4.1,extended,,,True,True,False,data_gap,none
RVMD,2026-04-30,gain_3d_8pct,9.46,3,unscored_mover,4.1,extended,,,True,True,False,data_gap,none
CVE,2026-04-29,gain_3d_8pct,9.36,3,unscored_mover,4.1,extended,,,True,True,False,data_gap,none
VG,2026-04-29,gain_3d_8pct,10.59,3,unscored_mover,4.1,extended,,,True,True,False,data_gap,none
TEVA,2026-04-29,gain_3d_8pct,15.47,3,unscored_mover,4.1,extended,,,True,True,False,data_gap,none
ATEYY,2026-04-24,gain_3d_8pct,13.0,3,unscored_mover,4.1,extended,,,False,True,False,data_gap,none
STM,2026-04-24,gain_3d_8pct,13.93,3,unscored_mover,4.1,extended,,,True,True,False,data_gap,none
SUNB,2026-04-24,gain_3d_8pct,8.94,3,unscored_mover,4.1,extended,,,True,True,False,data_gap,none
ARM,2026-04-24,gain_3d_8pct,33.8,3,unscored_mover,4.1,extended,,,True,True,False,data_gap,none
IFNNY,2026-04-24,gain_3d_8pct,13.13,3,unscored_mover,4.1,extended,,,False,True,False,data_gap,none
ASX,2026-04-24,gain_3d_8pct,8.11,3,unscored_mover,4.1,extended,,,True,True,False,data_gap,none
ALAB,2026-04-23,gain_3d_8pct,12.37,3,unscored_mover,4.1,extended,,,True,True,False,data_gap,none
VG,2026-04-23,gain_3d_8pct,13.1,3,unscored_mover,4.1,extended,,,True,True,False,data_gap,none
CRDO,2026-04-22,gain_3d_8pct,17.92,3,unscored_mover,4.1,extended,,,True,True,False,data_gap,none
GFS,2026-04-22,gain_3d_8pct,10.3,3,unscored_mover,4.1,extended,,,True,True,False,data_gap,none
SNOW,2026-04-22,gain_3d_8pct,8.05,3,unscored_mover,4.1,extended,,,True,True,False,data_gap,none
BE,2026-04-22,gain_3d_8pct,10.53,3,unscored_mover,4.1,extended,,,True,True,False,data_gap,none
MRVL,2026-04-22,gain_3d_8pct,12.62,3,unscored_mover,4.1,extended,,,True,True,False,data_gap,none
BNTX,2026-04-21,gain_3d_8pct,8.43,3,unscored_mover,4.1,extended,,,True,True,False,data_gap,none
STM,2026-04-17,gain_3d_8pct,8.12,3,unscored_mover,4.1,extended,,,True,True,False,data_gap,none
SYM,2026-04-17,gain_3d_8pct,11.69,3,unscored_mover,4.1,extended,,,True,True,False,data_gap,none
UI,2026-04-17,gain_3d_8pct,9.36,3,unscored_mover,4.1,extended,,,False,True,False,data_gap,none
UMC,2026-04-17,gain_3d_8pct,21.58,3,unscored_mover,4.1,extended,,,True,True,False,data_gap,none
MSTR,2026-04-17,gain_3d_8pct,21.18,3,unscored_mover,4.1,extended,,,True,True,False,data_gap,none
IFNNY,2026-04-17,gain_3d_8pct,9.17,3,unscored_mover,4.1,extended,,,False,True,False,data_gap,none
GFS,2026-04-17,gain_3d_8pct,13.1,3,unscored_mover,4.1,extended,,,True,True,False,data_gap,none
ATEYY,2026-04-16,gain_3d_8pct,10.57,3,unscored_mover,4.1,extended,,,False,True,False,data_gap,none
BIDU,2026-04-16,gain_3d_8pct,11.62,3,unscored_mover,4.1,extended,,,True,True,False,data_gap,none
BABA,2026-04-16,gain_3d_8pct,8.26,3,unscored_mover,4.1,extended,,,True,True,False,data_gap,none
NVO,2026-04-15,gain_3d_8pct,8.77,3,unscored_mover,4.1,extended,,,True,True,False,data_gap,none
HTHIY,2026-04-15,gain_3d_8pct,8.51,3,unscored_mover,4.1,extended,,,False,True,False,data_gap,none
BN,2026-04-15,gain_3d_8pct,10.35,3,unscored_mover,4.1,extended,,,True,True,False,data_gap,none
SHOP,2026-04-15,gain_3d_8pct,15.0,3,unscored_mover,4.1,extended,,,True,True,False,data_gap,none
RDDT,2026-04-15,gain_3d_8pct,13.42,3,unscored_mover,4.1,extended,,,True,True,False,data_gap,none
NET,2026-04-15,gain_3d_8pct,13.86,3,unscored_mover,4.1,extended,,,True,True,False,data_gap,none
NBIS,2026-04-15,gain_3d_8pct,15.04,3,unscored_mover,4.1,extended,,,True,True,False,data_gap,none
SPOT,2026-04-15,gain_3d_8pct,11.59,3,unscored_mover,4.1,extended,,,True,True,False,data_gap,none
RVMD,2026-04-15,gain_3d_8pct,58.19,3,unscored_mover,4.1,extended,,,True,True,False,data_gap,none
CRDO,2026-04-15,gain_3d_8pct,40.77,3,unscored_mover,4.1,extended,,,True,True,False,data_gap,none
SNOW,2026-04-15,gain_3d_8pct,19.3,3,unscored_mover,4.1,extended,,,True,True,False,data_gap,none
JD,2026-04-15,gain_3d_8pct,8.78,3,unscored_mover,4.1,extended,,,True,True,False,data_gap,none
TRI,2026-04-15,gain_3d_8pct,11.0,3,unscored_mover,4.1,extended,,,True,True,False,data_gap,none
ASX,2026-04-15,gain_3d_8pct,9.62,3,unscored_mover,4.1,extended,,,True,True,False,data_gap,none
BAM,2026-04-15,gain_3d_8pct,8.75,3,unscored_mover,4.1,extended,,,True,True,False,data_gap,none
GOOGL,2026-05-01,gain_5d_10pct,11.99,5,near_threshold,3.5,primary,41.69010568523905,Reject,True,True,True,near_threshold,scores_join
GOOGL,2026-05-01,gain_10d_12pct,16.07,10,near_threshold,3.5,primary,41.69010568523905,Reject,True,True,True,near_threshold,scores_join
GOOGL,2026-05-01,gain_5d_10pct,11.99,5,near_threshold,3.5,primary,41.69010568523905,Reject,True,True,True,near_threshold,scores_join
SNDK,2026-05-01,gain_5d_10pct,19.91,5,true_miss,3.3,primary,17.875,Incomplete,True,True,True,data_gap,scores_join
MO,2026-05-01,gain_5d_10pct,11.47,5,true_miss,3.3,primary,22.875,Incomplete,True,True,True,data_gap,scores_join
PWR,2026-05-01,gain_5d_10pct,18.78,5,true_miss,3.3,primary,26.25,Incomplete,True,True,True,data_gap,scores_join
GD,2026-05-01,gain_5d_10pct,10.42,5,true_miss,3.3,primary,25.3125,Incomplete,True,True,True,data_gap,scores_join
CARR,2026-05-01,gain_5d_10pct,10.78,5,true_miss,3.3,primary,32.875,Reject,True,True,True,scoring_blind_spot,scores_join
CEG,2026-05-01,gain_10d_12pct,13.52,10,true_miss,3.3,primary,23.0,Reject,True,True,True,scoring_blind_spot,scores_join
STX,2026-05-01,gain_5d_10pct,24.0,5,true_miss,3.3,primary,23.4375,Incomplete,True,True,True,data_gap,scores_join
MO,2026-05-01,gain_10d_12pct,15.31,10,true_miss,3.3,primary,22.875,Incomplete,True,True,True,data_gap,scores_join
NXPI,2026-05-01,gain_5d_10pct,20.98,5,true_miss,3.3,primary,21.0,Incomplete,True,True,True,data_gap,scores_join
LITE,2026-05-01,gain_10d_12pct,13.5,10,true_miss,3.3,primary,19.6875,Incomplete,True,True,True,data_gap,scores_join
MO,2026-05-01,gain_5d_10pct,11.47,5,true_miss,3.3,primary,22.875,Incomplete,True,True,True,data_gap,scores_join
GD,2026-05-01,gain_5d_10pct,10.42,5,true_miss,3.3,primary,25.3125,Incomplete,True,True,True,data_gap,scores_join
CARR,2026-05-01,gain_5d_10pct,10.78,5,true_miss,3.3,primary,32.875,Reject,True,True,True,scoring_blind_spot,scores_join
INTC,2026-05-01,gain_10d_12pct,50.35,10,true_miss,3.3,primary,22.875,Incomplete,True,True,True,data_gap,scores_join
SNDK,2026-05-01,gain_5d_10pct,19.91,5,true_miss,3.3,primary,17.875,Incomplete,True,True,True,data_gap,scores_join
PWR,2026-05-01,gain_10d_12pct,22.5,10,true_miss,3.3,primary,26.25,Incomplete,True,True,True,data_gap,scores_join
GD,2026-05-01,gain_5d_10pct,10.42,5,true_miss,3.3,primary,25.3125,Incomplete,True,True,True,data_gap,scores_join
PWR,2026-05-01,gain_5d_10pct,18.78,5,true_miss,3.3,primary,26.25,Incomplete,True,True,True,data_gap,scores_join
NXPI,2026-05-01,gain_5d_10pct,20.98,5,true_miss,3.3,primary,21.0,Incomplete,True,True,True,data_gap,scores_join
STX,2026-05-01,gain_5d_10pct,24.0,5,true_miss,3.3,primary,23.4375,Incomplete,True,True,True,data_gap,scores_join
ELV,2026-04-30,gain_10d_12pct,17.87,10,unscored_mover,3.3,primary,,,True,True,False,data_gap,none
QCOM,2026-04-30,gain_10d_12pct,30.58,10,unscored_mover,3.3,primary,,,True,True,False,data_gap,none
PSX,2026-04-30,gain_10d_12pct,15.02,10,unscored_mover,3.3,primary,,,True,True,False,data_gap,none
QCOM,2026-04-30,gain_5d_10pct,20.64,5,unscored_mover,3.3,primary,,,True,True,False,data_gap,none
PSX,2026-04-30,gain_5d_10pct,10.01,5,unscored_mover,3.3,primary,,,True,True,False,data_gap,none
MPC,2026-04-30,gain_5d_10pct,10.77,5,unscored_mover,3.3,primary,,,True,True,False,data_gap,none
MPC,2026-04-30,gain_10d_12pct,15.96,10,unscored_mover,3.3,primary,,,True,True,False,data_gap,none
MPC,2026-04-30,gain_5d_10pct,10.77,5,unscored_mover,3.3,primary,,,True,True,False,data_gap,none
QCOM,2026-04-30,gain_5d_10pct,20.64,5,unscored_mover,3.3,primary,,,True,True,False,data_gap,none
GOOGL,2026-04-30,gain_5d_10pct,11.73,5,unscored_mover,3.3,primary,,,True,True,False,data_gap,none
HAL,2026-04-30,gain_10d_12pct,15.32,10,unscored_mover,3.3,primary,,,True,True,False,data_gap,none
TRGP,2026-04-30,gain_10d_12pct,12.34,10,unscored_mover,3.3,primary,,,True,True,False,data_gap,none
PSX,2026-04-30,gain_5d_10pct,10.01,5,unscored_mover,3.3,primary,,,True,True,False,data_gap,none
BKR,2026-04-30,gain_10d_12pct,17.75,10,unscored_mover,3.3,primary,,,True,True,False,data_gap,none
OXY,2026-04-29,gain_10d_12pct,12.96,10,unscored_mover,3.3,primary,,,True,True,False,data_gap,none
CTRA,2026-04-29,gain_10d_12pct,15.51,10,unscored_mover,3.3,primary,,,True,True,False,data_gap,none
CNC,2026-04-29,gain_10d_12pct,41.42,10,unscored_mover,3.3,primary,,,True,True,False,data_gap,none
CNC,2026-04-29,gain_5d_10pct,29.08,5,unscored_mover,3.3,primary,,,True,True,False,data_gap,none
VLO,2026-04-29,gain_10d_12pct,12.36,10,unscored_mover,3.3,primary,,,True,True,False,data_gap,none
HUM,2026-04-29,gain_5d_10pct,12.96,5,unscored_mover,3.3,primary,,,True,True,False,data_gap,none
FANG,2026-04-29,gain_10d_12pct,13.9,10,unscored_mover,3.3,primary,,,True,True,False,data_gap,none
NXPI,2026-04-29,gain_10d_12pct,33.89,10,unscored_mover,3.3,primary,,,True,True,False,data_gap,none
HUM,2026-04-29,gain_10d_12pct,18.51,10,unscored_mover,3.3,primary,,,True,True,False,data_gap,none
DVN,2026-04-29,gain_10d_12pct,15.49,10,unscored_mover,3.3,primary,,,True,True,False,data_gap,none
HUM,2026-04-29,gain_5d_10pct,12.96,5,unscored_mover,3.3,primary,,,True,True,False,data_gap,none
CNC,2026-04-29,gain_5d_10pct,29.08,5,unscored_mover,3.3,primary,,,True,True,False,data_gap,none
INTC,2026-04-27,gain_5d_10pct,30.21,5,unscored_mover,3.3,primary,,,True,True,False,data_gap,none
INTC,2026-04-27,gain_5d_10pct,30.21,5,unscored_mover,3.3,primary,,,True,True,False,data_gap,none
AMD,2026-04-24,gain_5d_10pct,24.94,5,unscored_mover,3.3,primary,,,True,True,False,data_gap,none
GEV,2026-04-24,gain_10d_12pct,16.37,10,unscored_mover,3.3,primary,,,True,True,False,data_gap,none
BKR,2026-04-24,gain_5d_10pct,15.32,5,unscored_mover,3.3,primary,,,True,True,False,data_gap,none
MPWR,2026-04-24,gain_5d_10pct,11.15,5,unscored_mover,3.3,primary,,,True,True,False,data_gap,none
BKR,2026-04-24,gain_5d_10pct,15.32,5,unscored_mover,3.3,primary,,,True,True,False,data_gap,none
SNPS,2026-04-24,gain_5d_10pct,11.4,5,unscored_mover,3.3,primary,,,True,True,False,data_gap,none
KDP,2026-04-24,gain_10d_12pct,12.3,10,unscored_mover,3.3,primary,,,True,True,False,data_gap,none
KDP,2026-04-24,gain_5d_10pct,10.14,5,unscored_mover,3.3,primary,,,True,True,False,data_gap,none
MPWR,2026-04-24,gain_5d_10pct,11.15,5,unscored_mover,3.3,primary,,,True,True,False,data_gap,none
SNPS,2026-04-24,gain_5d_10pct,11.4,5,unscored_mover,3.3,primary,,,True,True,False,data_gap,none
AMD,2026-04-24,gain_5d_10pct,24.94,5,unscored_mover,3.3,primary,,,True,True,False,data_gap,none
KDP,2026-04-24,gain_5d_10pct,10.14,5,unscored_mover,3.3,primary,,,True,True,False,data_gap,none
AMD,2026-04-24,gain_10d_12pct,36.36,10,unscored_mover,3.3,primary,,,True,True,False,data_gap,none
BKR,2026-04-24,gain_5d_10pct,15.32,5,unscored_mover,3.3,primary,,,True,True,False,data_gap,none
TXN,2026-04-23,gain_5d_10pct,22.8,5,unscored_mover,3.3,primary,,,True,True,False,data_gap,none
GEV,2026-04-23,gain_5d_10pct,14.64,5,unscored_mover,3.3,primary,,,True,True,False,data_gap,none
MCHP,2026-04-23,gain_10d_12pct,23.24,10,unscored_mover,3.3,primary,,,True,True,False,data_gap,none
MCHP,2026-04-23,gain_5d_10pct,15.08,5,unscored_mover,3.3,primary,,,True,True,False,data_gap,none
TXN,2026-04-23,gain_10d_12pct,30.23,10,unscored_mover,3.3,primary,,,True,True,False,data_gap,none
TXN,2026-04-23,gain_5d_10pct,22.8,5,unscored_mover,3.3,primary,,,True,True,False,data_gap,none
DHI,2026-04-23,gain_10d_12pct,13.78,10,unscored_mover,3.3,primary,,,True,True,False,data_gap,none
GEV,2026-04-23,gain_5d_10pct,14.64,5,unscored_mover,3.3,primary,,,True,True,False,data_gap,none
CMCSA,2026-04-23,gain_10d_12pct,12.8,10,unscored_mover,3.3,primary,,,True,True,False,data_gap,none
URI,2026-04-23,gain_5d_10pct,23.94,5,unscored_mover,3.3,primary,,,True,True,False,data_gap,none
ON,2026-04-23,gain_10d_12pct,37.68,10,unscored_mover,3.3,primary,,,True,True,False,data_gap,none
URI,2026-04-23,gain_10d_12pct,26.59,10,unscored_mover,3.3,primary,,,True,True,False,data_gap,none
URI,2026-04-23,gain_5d_10pct,23.94,5,unscored_mover,3.3,primary,,,True,True,False,data_gap,none
GEV,2026-04-23,gain_5d_10pct,14.64,5,unscored_mover,3.3,primary,,,True,True,False,data_gap,none
MCHP,2026-04-23,gain_5d_10pct,15.08,5,unscored_mover,3.3,primary,,,True,True,False,data_gap,none
DELL,2026-04-22,gain_10d_12pct,20.73,10,unscored_mover,3.3,primary,,,True,True,False,data_gap,none
DDOG,2026-04-22,gain_10d_12pct,25.41,10,unscored_mover,3.3,primary,,,True,True,False,data_gap,none
ORCL,2026-04-22,gain_10d_12pct,35.78,10,unscored_mover,3.3,primary,,,True,True,False,data_gap,none
PANW,2026-04-22,gain_10d_12pct,16.36,10,unscored_mover,3.3,primary,,,True,True,False,data_gap,none
CRWD,2026-04-22,gain_10d_12pct,23.13,10,unscored_mover,3.3,primary,,,True,True,False,data_gap,none
PLTR,2026-04-22,gain_10d_12pct,19.18,10,unscored_mover,3.3,primary,,,True,True,False,data_gap,none
CDNS,2026-04-22,gain_10d_12pct,24.82,10,unscored_mover,3.3,primary,,,True,True,False,data_gap,none
ADBE,2026-04-22,gain_10d_12pct,13.57,10,unscored_mover,3.3,primary,,,True,True,False,data_gap,none
APO,2026-04-22,gain_10d_12pct,23.76,10,unscored_mover,3.3,primary,,,True,True,False,data_gap,none
ARES,2026-04-22,gain_10d_12pct,20.5,10,unscored_mover,3.3,primary,,,True,True,False,data_gap,none
STLD,2026-04-22,gain_5d_10pct,13.55,5,unscored_mover,3.3,primary,,,True,True,False,data_gap,none
STLD,2026-04-22,gain_5d_10pct,13.55,5,unscored_mover,3.3,primary,,,True,True,False,data_gap,none
INTU,2026-04-22,gain_10d_12pct,16.45,10,unscored_mover,3.3,primary,,,True,True,False,data_gap,none
MSCI,2026-04-22,gain_10d_12pct,13.34,10,unscored_mover,3.3,primary,,,True,True,False,data_gap,none
ADSK,2026-04-22,gain_10d_12pct,13.33,10,unscored_mover,3.3,primary,,,True,True,False,data_gap,none
STLD,2026-04-22,gain_10d_12pct,19.36,10,unscored_mover,3.3,primary,,,True,True,False,data_gap,none
SNPS,2026-04-22,gain_10d_12pct,21.68,10,unscored_mover,3.3,primary,,,True,True,False,data_gap,none
STLD,2026-04-22,gain_5d_10pct,13.55,5,unscored_mover,3.3,primary,,,True,True,False,data_gap,none
CRM,2026-04-22,gain_10d_12pct,15.06,10,unscored_mover,3.3,primary,,,True,True,False,data_gap,none
FTNT,2026-04-22,gain_10d_12pct,13.55,10,unscored_mover,3.3,primary,,,True,True,False,data_gap,none
KKR,2026-04-22,gain_10d_12pct,16.11,10,unscored_mover,3.3,primary,,,True,True,False,data_gap,none
NUE,2026-04-22,gain_10d_12pct,15.12,10,unscored_mover,3.3,primary,,,True,True,False,data_gap,none
NOW,2026-04-22,gain_10d_12pct,24.18,10,unscored_mover,3.3,primary,,,True,True,False,data_gap,none
MSFT,2026-04-22,gain_10d_12pct,16.73,10,unscored_mover,3.3,primary,,,True,True,False,data_gap,none
CVNA,2026-04-22,gain_10d_12pct,23.93,10,unscored_mover,3.3,primary,,,True,True,False,data_gap,none
AXON,2026-04-21,gain_10d_12pct,17.05,10,unscored_mover,3.3,primary,,,True,True,False,data_gap,none
EXPE,2026-04-21,gain_10d_12pct,20.04,10,unscored_mover,3.3,primary,,,True,True,False,data_gap,none
WDAY,2026-04-21,gain_10d_12pct,14.81,10,unscored_mover,3.3,primary,,,True,True,False,data_gap,none
DHI,2026-04-21,gain_5d_10pct,13.15,5,unscored_mover,3.3,primary,,,True,True,False,data_gap,none
DHI,2026-04-21,gain_5d_10pct,13.15,5,unscored_mover,3.3,primary,,,True,True,False,data_gap,none
HPE,2026-04-21,gain_10d_12pct,15.55,10,unscored_mover,3.3,primary,,,True,True,False,data_gap,none
DASH,2026-04-20,gain_10d_12pct,24.39,10,unscored_mover,3.3,primary,,,True,True,False,data_gap,none
DELL,2026-04-20,gain_5d_10pct,15.21,5,unscored_mover,3.3,primary,,,True,True,False,data_gap,none
HOOD,2026-04-20,gain_10d_12pct,31.92,10,unscored_mover,3.3,primary,,,True,True,False,data_gap,none
CHTR,2026-04-20,gain_5d_10pct,11.08,5,unscored_mover,3.3,primary,,,True,True,False,data_gap,none
EBAY,2026-04-20,gain_10d_12pct,12.3,10,unscored_mover,3.3,primary,,,True,True,False,data_gap,none
HPE,2026-04-20,gain_5d_10pct,12.96,5,unscored_mover,3.3,primary,,,True,True,False,data_gap,none
APP,2026-04-20,gain_10d_12pct,25.44,10,unscored_mover,3.3,primary,,,True,True,False,data_gap,none
HPE,2026-04-20,gain_5d_10pct,12.96,5,unscored_mover,3.3,primary,,,True,True,False,data_gap,none
DELL,2026-04-20,gain_5d_10pct,15.21,5,unscored_mover,3.3,primary,,,True,True,False,data_gap,none
PYPL,2026-04-20,gain_10d_12pct,13.75,10,unscored_mover,3.3,primary,,,True,True,False,data_gap,none
DELL,2026-04-20,gain_5d_10pct,15.21,5,unscored_mover,3.3,primary,,,True,True,False,data_gap,none
CHTR,2026-04-20,gain_5d_10pct,11.08,5,unscored_mover,3.3,primary,,,True,True,False,data_gap,none
COIN,2026-04-20,gain_10d_12pct,26.08,10,unscored_mover,3.3,primary,,,True,True,False,data_gap,none
PLTR,2026-04-17,gain_5d_10pct,14.31,5,unscored_mover,3.3,primary,,,True,True,False,data_gap,none
CVNA,2026-04-17,gain_5d_10pct,15.23,5,unscored_mover,3.3,primary,,,True,True,False,data_gap,none
AXON,2026-04-17,gain_5d_10pct,16.45,5,unscored_mover,3.3,primary,,,True,True,False,data_gap,none
AMD,2026-04-17,gain_5d_10pct,13.61,5,unscored_mover,3.3,primary,,,True,True,False,data_gap,none
DASH,2026-04-17,gain_5d_10pct,20.52,5,unscored_mover,3.3,primary,,,True,True,False,data_gap,none
DDOG,2026-04-17,gain_5d_10pct,20.16,5,unscored_mover,3.3,primary,,,True,True,False,data_gap,none
NOW,2026-04-17,gain_5d_10pct,16.46,5,unscored_mover,3.3,primary,,,True,True,False,data_gap,none
EXPE,2026-04-17,gain_5d_10pct,16.55,5,unscored_mover,3.3,primary,,,True,True,False,data_gap,none
BKNG,2026-04-17,gain_5d_10pct,10.69,5,unscored_mover,3.3,primary,,,True,True,False,data_gap,none
CDNS,2026-04-17,gain_5d_10pct,17.08,5,unscored_mover,3.3,primary,,,True,True,False,data_gap,none
HOOD,2026-04-17,gain_5d_10pct,31.16,5,unscored_mover,3.3,primary,,,True,True,False,data_gap,none
DDOG,2026-04-17,gain_5d_10pct,20.16,5,unscored_mover,3.3,primary,,,True,True,False,data_gap,none
HLT,2026-04-17,gain_10d_12pct,12.86,10,unscored_mover,3.3,primary,,,True,True,False,data_gap,none
MSFT,2026-04-17,gain_5d_10pct,14.0,5,unscored_mover,3.3,primary,,,True,True,False,data_gap,none
COF,2026-04-17,gain_10d_12pct,13.98,10,unscored_mover,3.3,primary,,,True,True,False,data_gap,none
MCHP,2026-04-17,gain_5d_10pct,10.06,5,unscored_mover,3.3,primary,,,True,True,False,data_gap,none
TEL,2026-04-17,gain_10d_12pct,16.67,10,unscored_mover,3.3,primary,,,True,True,False,data_gap,none
CRWD,2026-04-17,gain_5d_10pct,11.85,5,unscored_mover,3.3,primary,,,True,True,False,data_gap,none
BKNG,2026-04-17,gain_5d_10pct,10.69,5,unscored_mover,3.3,primary,,,True,True,False,data_gap,none
APO,2026-04-17,gain_5d_10pct,19.51,5,unscored_mover,3.3,primary,,,True,True,False,data_gap,none
PLTR,2026-04-17,gain_5d_10pct,14.31,5,unscored_mover,3.3,primary,,,True,True,False,data_gap,none
APO,2026-04-17,gain_5d_10pct,19.51,5,unscored_mover,3.3,primary,,,True,True,False,data_gap,none
APP,2026-04-17,gain_5d_10pct,21.93,5,unscored_mover,3.3,primary,,,True,True,False,data_gap,none
APP,2026-04-17,gain_5d_10pct,21.93,5,unscored_mover,3.3,primary,,,True,True,False,data_gap,none
INTU,2026-04-17,gain_5d_10pct,12.06,5,unscored_mover,3.3,primary,,,True,True,False,data_gap,none
APP,2026-04-17,gain_5d_10pct,21.93,5,unscored_mover,3.3,primary,,,True,True,False,data_gap,none
CRM,2026-04-17,gain_5d_10pct,10.41,5,unscored_mover,3.3,primary,,,True,True,False,data_gap,none
NOW,2026-04-17,gain_5d_10pct,16.46,5,unscored_mover,3.3,primary,,,True,True,False,data_gap,none
CDNS,2026-04-17,gain_5d_10pct,17.08,5,unscored_mover,3.3,primary,,,True,True,False,data_gap,none
SNPS,2026-04-17,gain_5d_10pct,14.62,5,unscored_mover,3.3,primary,,,True,True,False,data_gap,none
DASH,2026-04-17,gain_5d_10pct,20.52,5,unscored_mover,3.3,primary,,,True,True,False,data_gap,none
META,2026-04-17,gain_10d_12pct,19.74,10,unscored_mover,3.3,primary,,,True,True,False,data_gap,none
IBKR,2026-04-17,gain_5d_10pct,14.75,5,unscored_mover,3.3,primary,,,True,True,False,data_gap,none
APO,2026-04-17,gain_5d_10pct,19.51,5,unscored_mover,3.3,primary,,,True,True,False,data_gap,none
DDOG,2026-04-17,gain_5d_10pct,20.16,5,unscored_mover,3.3,primary,,,True,True,False,data_gap,none
ON,2026-04-17,gain_5d_10pct,20.92,5,unscored_mover,3.3,primary,,,True,True,False,data_gap,none
MSFT,2026-04-17,gain_5d_10pct,14.0,5,unscored_mover,3.3,primary,,,True,True,False,data_gap,none
HOOD,2026-04-17,gain_5d_10pct,31.16,5,unscored_mover,3.3,primary,,,True,True,False,data_gap,none
PYPL,2026-04-17,gain_5d_10pct,12.31,5,unscored_mover,3.3,primary,,,True,True,False,data_gap,none
AXON,2026-04-17,gain_5d_10pct,16.45,5,unscored_mover,3.3,primary,,,True,True,False,data_gap,none
COIN,2026-04-17,gain_5d_10pct,22.93,5,unscored_mover,3.3,primary,,,True,True,False,data_gap,none
INTU,2026-04-17,gain_5d_10pct,12.06,5,unscored_mover,3.3,primary,,,True,True,False,data_gap,none
MAR,2026-04-17,gain_10d_12pct,14.2,10,unscored_mover,3.3,primary,,,True,True,False,data_gap,none
COIN,2026-04-17,gain_5d_10pct,22.93,5,unscored_mover,3.3,primary,,,True,True,False,data_gap,none
PYPL,2026-04-17,gain_5d_10pct,12.31,5,unscored_mover,3.3,primary,,,True,True,False,data_gap,none
CVNA,2026-04-17,gain_5d_10pct,15.23,5,unscored_mover,3.3,primary,,,True,True,False,data_gap,none
AXON,2026-04-17,gain_5d_10pct,16.45,5,unscored_mover,3.3,primary,,,True,True,False,data_gap,none
SNPS,2026-04-17,gain_5d_10pct,14.62,5,unscored_mover,3.3,primary,,,True,True,False,data_gap,none
FISV,2026-04-17,gain_5d_10pct,14.05,5,unscored_mover,3.3,primary,,,True,True,False,data_gap,none
ACN,2026-04-17,gain_5d_10pct,10.09,5,unscored_mover,3.3,primary,,,True,True,False,data_gap,none
CRM,2026-04-17,gain_5d_10pct,10.41,5,unscored_mover,3.3,primary,,,True,True,False,data_gap,none
FISV,2026-04-17,gain_10d_12pct,15.64,10,unscored_mover,3.3,primary,,,True,True,False,data_gap,none
IBKR,2026-04-17,gain_10d_12pct,19.97,10,unscored_mover,3.3,primary,,,True,True,False,data_gap,none
FISV,2026-04-17,gain_5d_10pct,14.05,5,unscored_mover,3.3,primary,,,True,True,False,data_gap,none
AMD,2026-04-17,gain_5d_10pct,13.61,5,unscored_mover,3.3,primary,,,True,True,False,data_gap,none
IBKR,2026-04-17,gain_5d_10pct,14.75,5,unscored_mover,3.3,primary,,,True,True,False,data_gap,none
COHR,2026-04-17,gain_10d_12pct,35.25,10,unscored_mover,3.3,primary,,,True,True,False,data_gap,none
ANET,2026-04-17,gain_5d_10pct,11.46,5,unscored_mover,3.3,primary,,,True,True,False,data_gap,none
CRWD,2026-04-17,gain_5d_10pct,11.85,5,unscored_mover,3.3,primary,,,True,True,False,data_gap,none
EXPE,2026-04-17,gain_5d_10pct,16.55,5,unscored_mover,3.3,primary,,,True,True,False,data_gap,none
MCHP,2026-04-17,gain_5d_10pct,10.06,5,unscored_mover,3.3,primary,,,True,True,False,data_gap,none
ANET,2026-04-17,gain_5d_10pct,11.46,5,unscored_mover,3.3,primary,,,True,True,False,data_gap,none
BKNG,2026-04-17,gain_5d_10pct,10.69,5,unscored_mover,3.3,primary,,,True,True,False,data_gap,none
ON,2026-04-17,gain_5d_10pct,20.92,5,unscored_mover,3.3,primary,,,True,True,False,data_gap,none
COIN,2026-04-17,gain_5d_10pct,22.93,5,unscored_mover,3.3,primary,,,True,True,False,data_gap,none
ABNB,2026-04-17,gain_10d_12pct,13.27,10,unscored_mover,3.3,primary,,,True,True,False,data_gap,none
ACN,2026-04-17,gain_5d_10pct,10.09,5,unscored_mover,3.3,primary,,,True,True,False,data_gap,none
ORCL,2026-04-16,gain_5d_10pct,29.15,5,unscored_mover,3.3,primary,,,True,True,False,data_gap,none
IRM,2026-04-16,gain_10d_12pct,12.81,10,unscored_mover,3.3,primary,,,True,True,False,data_gap,none
ORCL,2026-04-16,gain_5d_10pct,29.15,5,unscored_mover,3.3,primary,,,True,True,False,data_gap,none
ADBE,2026-04-16,gain_5d_10pct,10.12,5,unscored_mover,3.3,primary,,,True,True,False,data_gap,none
ADSK,2026-04-16,gain_5d_10pct,11.31,5,unscored_mover,3.3,primary,,,True,True,False,data_gap,none
ADBE,2026-04-16,gain_5d_10pct,10.12,5,unscored_mover,3.3,primary,,,True,True,False,data_gap,none
WDAY,2026-04-16,gain_5d_10pct,11.0,5,unscored_mover,3.3,primary,,,True,True,False,data_gap,none
WDAY,2026-04-16,gain_5d_10pct,11.0,5,unscored_mover,3.3,primary,,,True,True,False,data_gap,none
ADSK,2026-04-16,gain_5d_10pct,11.31,5,unscored_mover,3.3,primary,,,True,True,False,data_gap,none
ORCL,2026-04-16,gain_5d_10pct,29.15,5,unscored_mover,3.3,primary,,,True,True,False,data_gap,none
AVGO,2026-04-16,gain_10d_12pct,26.73,10,unscored_mover,3.3,primary,,,True,True,False,data_gap,none
ANET,2026-04-16,gain_10d_12pct,27.53,10,unscored_mover,3.3,primary,,,True,True,False,data_gap,none
APH,2026-04-16,gain_10d_12pct,17.76,10,unscored_mover,3.3,primary,,,True,True,False,data_gap,none
BX,2026-04-15,gain_5d_10pct,13.38,5,unscored_mover,3.3,primary,,,True,True,False,data_gap,none
MS,2026-04-15,gain_10d_12pct,15.57,10,unscored_mover,3.3,primary,,,True,True,False,data_gap,none
BX,2026-04-15,gain_10d_12pct,15.16,10,unscored_mover,3.3,primary,,,True,True,False,data_gap,none
BX,2026-04-15,gain_5d_10pct,13.38,5,unscored_mover,3.3,primary,,,True,True,False,data_gap,none
ARES,2026-04-15,gain_5d_10pct,18.73,5,unscored_mover,3.3,primary,,,True,True,False,data_gap,none
ARES,2026-04-15,gain_5d_10pct,18.73,5,unscored_mover,3.3,primary,,,True,True,False,data_gap,none
KKR,2026-04-15,gain_5d_10pct,13.85,5,unscored_mover,3.3,primary,,,True,True,False,data_gap,none
KKR,2026-04-15,gain_5d_10pct,13.85,5,unscored_mover,3.3,primary,,,True,True,False,data_gap,none
MTZ,2026-05-01,gain_10d_12pct,12.39,10,true_miss,3.1,extended,22.5,Incomplete,True,True,True,data_gap,scores_join
NOK,2026-05-01,gain_5d_10pct,27.15,5,true_miss,3.1,extended,0.0,Incomplete,True,True,True,data_gap,scores_join
CVE,2026-05-01,gain_5d_10pct,11.34,5,true_miss,3.1,extended,0.0,Incomplete,True,True,True,data_gap,scores_join
MTZ,2026-05-01,gain_5d_10pct,10.98,5,true_miss,3.1,extended,22.5,Incomplete,True,True,True,data_gap,scores_join
CVE,2026-05-01,gain_5d_10pct,11.34,5,true_miss,3.1,extended,0.0,Incomplete,True,True,True,data_gap,scores_join
NOK,2026-05-01,gain_10d_12pct,27.88,10,true_miss,3.1,extended,0.0,Incomplete,True,True,True,data_gap,scores_join
STM,2026-05-01,gain_10d_12pct,25.85,10,true_miss,3.1,extended,26.89854013519549,Reject,True,True,True,scoring_blind_spot,scores_join
NOK,2026-05-01,gain_5d_10pct,27.15,5,true_miss,3.1,extended,0.0,Incomplete,True,True,True,data_gap,scores_join
MTZ,2026-05-01,gain_5d_10pct,10.98,5,true_miss,3.1,extended,22.5,Incomplete,True,True,True,data_gap,scores_join
VG,2026-04-30,gain_5d_10pct,11.51,5,unscored_mover,3.1,extended,,,True,True,False,data_gap,none
CVE,2026-04-30,gain_10d_12pct,17.38,10,unscored_mover,3.1,extended,,,True,True,False,data_gap,none
VG,2026-04-30,gain_10d_12pct,15.9,10,unscored_mover,3.1,extended,,,True,True,False,data_gap,none
VG,2026-04-30,gain_5d_10pct,11.51,5,unscored_mover,3.1,extended,,,True,True,False,data_gap,none
IX,2026-04-30,gain_5d_10pct,10.56,5,unscored_mover,3.1,extended,,,True,True,False,data_gap,none
EQNR,2026-04-30,gain_10d_12pct,13.16,10,unscored_mover,3.1,extended,,,True,True,False,data_gap,none
IX,2026-04-30,gain_5d_10pct,10.56,5,unscored_mover,3.1,extended,,,True,True,False,data_gap,none
TEVA,2026-04-29,gain_5d_10pct,15.47,5,unscored_mover,3.1,extended,,,True,True,False,data_gap,none
TEVA,2026-04-29,gain_5d_10pct,15.47,5,unscored_mover,3.1,extended,,,True,True,False,data_gap,none
RSHGY,2026-04-28,gain_5d_10pct,10.26,5,unscored_mover,3.1,extended,,,False,True,False,data_gap,none
RSHGY,2026-04-28,gain_5d_10pct,10.26,5,unscored_mover,3.1,extended,,,False,True,False,data_gap,none
RSHGY,2026-04-28,gain_5d_10pct,10.26,5,unscored_mover,3.1,extended,,,False,True,False,data_gap,none
ATEYY,2026-04-27,gain_5d_10pct,10.11,5,unscored_mover,3.1,extended,,,False,True,False,data_gap,none
ATEYY,2026-04-27,gain_5d_10pct,10.11,5,unscored_mover,3.1,extended,,,False,True,False,data_gap,none
ARM,2026-04-24,gain_5d_10pct,40.83,5,unscored_mover,3.1,extended,,,True,True,False,data_gap,none
ARM,2026-04-24,gain_5d_10pct,40.83,5,unscored_mover,3.1,extended,,,True,True,False,data_gap,none
STM,2026-04-24,gain_5d_10pct,14.13,5,unscored_mover,3.1,extended,,,True,True,False,data_gap,none
ARM,2026-04-24,gain_10d_12pct,45.65,10,unscored_mover,3.1,extended,,,True,True,False,data_gap,none
ARM,2026-04-24,gain_5d_10pct,40.83,5,unscored_mover,3.1,extended,,,True,True,False,data_gap,none
GFS,2026-04-24,gain_10d_12pct,27.64,10,unscored_mover,3.1,extended,,,True,True,False,data_gap,none
FLEX,2026-04-24,gain_5d_10pct,11.71,5,unscored_mover,3.1,extended,,,True,True,False,data_gap,none
IFNNY,2026-04-24,gain_5d_10pct,11.4,5,unscored_mover,3.1,extended,,,False,True,False,data_gap,none
FLEX,2026-04-24,gain_5d_10pct,11.71,5,unscored_mover,3.1,extended,,,True,True,False,data_gap,none
STM,2026-04-24,gain_5d_10pct,14.13,5,unscored_mover,3.1,extended,,,True,True,False,data_gap,none
STM,2026-04-24,gain_5d_10pct,14.13,5,unscored_mover,3.1,extended,,,True,True,False,data_gap,none
IFNNY,2026-04-24,gain_5d_10pct,11.4,5,unscored_mover,3.1,extended,,,False,True,False,data_gap,none
ASX,2026-04-24,gain_5d_10pct,11.93,5,unscored_mover,3.1,extended,,,True,True,False,data_gap,none
IFNNY,2026-04-24,gain_5d_10pct,11.4,5,unscored_mover,3.1,extended,,,False,True,False,data_gap,none
ASX,2026-04-24,gain_5d_10pct,11.93,5,unscored_mover,3.1,extended,,,True,True,False,data_gap,none
VG,2026-04-23,gain_5d_10pct,13.0,5,unscored_mover,3.1,extended,,,True,True,False,data_gap,none
MRVL,2026-04-23,gain_5d_10pct,18.52,5,unscored_mover,3.1,extended,,,True,True,False,data_gap,none
VG,2026-04-23,gain_5d_10pct,13.0,5,unscored_mover,3.1,extended,,,True,True,False,data_gap,none
MRVL,2026-04-23,gain_5d_10pct,18.52,5,unscored_mover,3.1,extended,,,True,True,False,data_gap,none
UMC,2026-04-22,gain_10d_12pct,30.49,10,unscored_mover,3.1,extended,,,True,True,False,data_gap,none
MSTR,2026-04-22,gain_10d_12pct,39.43,10,unscored_mover,3.1,extended,,,True,True,False,data_gap,none
SNOW,2026-04-22,gain_10d_12pct,28.45,10,unscored_mover,3.1,extended,,,True,True,False,data_gap,none
BNTX,2026-04-21,gain_10d_12pct,16.86,10,unscored_mover,3.1,extended,,,True,True,False,data_gap,none
TRI,2026-04-21,gain_10d_12pct,16.15,10,unscored_mover,3.1,extended,,,True,True,False,data_gap,none
NET,2026-04-21,gain_10d_12pct,24.36,10,unscored_mover,3.1,extended,,,True,True,False,data_gap,none
BIDU,2026-04-20,gain_10d_12pct,17.84,10,unscored_mover,3.1,extended,,,True,True,False,data_gap,none
SHOP,2026-04-20,gain_10d_12pct,21.98,10,unscored_mover,3.1,extended,,,True,True,False,data_gap,none
SPOT,2026-04-20,gain_10d_12pct,12.77,10,unscored_mover,3.1,extended,,,True,True,False,data_gap,none
GFS,2026-04-20,gain_5d_10pct,21.63,5,unscored_mover,3.1,extended,,,True,True,False,data_gap,none
UMC,2026-04-20,gain_5d_10pct,27.04,5,unscored_mover,3.1,extended,,,True,True,False,data_gap,none
GFS,2026-04-20,gain_5d_10pct,21.63,5,unscored_mover,3.1,extended,,,True,True,False,data_gap,none
RKT,2026-04-20,gain_10d_12pct,15.29,10,unscored_mover,3.1,extended,,,True,True,False,data_gap,none
UMC,2026-04-20,gain_5d_10pct,27.04,5,unscored_mover,3.1,extended,,,True,True,False,data_gap,none
SAP,2026-04-17,gain_5d_10pct,11.11,5,unscored_mover,3.1,extended,,,True,True,False,data_gap,none
SPOT,2026-04-17,gain_5d_10pct,12.74,5,unscored_mover,3.1,extended,,,True,True,False,data_gap,none
SHOP,2026-04-17,gain_5d_10pct,18.38,5,unscored_mover,3.1,extended,,,True,True,False,data_gap,none
BN,2026-04-17,gain_10d_12pct,14.25,10,unscored_mover,3.1,extended,,,True,True,False,data_gap,none
ATEYY,2026-04-17,gain_5d_10pct,14.17,5,unscored_mover,3.1,extended,,,False,True,False,data_gap,none
STM,2026-04-17,gain_5d_10pct,12.01,5,unscored_mover,3.1,extended,,,True,True,False,data_gap,none
BIDU,2026-04-17,gain_5d_10pct,16.35,5,unscored_mover,3.1,extended,,,True,True,False,data_gap,none
BN,2026-04-17,gain_5d_10pct,10.56,5,unscored_mover,3.1,extended,,,True,True,False,data_gap,none
MSTR,2026-04-17,gain_5d_10pct,29.45,5,unscored_mover,3.1,extended,,,True,True,False,data_gap,none
VIK,2026-04-17,gain_5d_10pct,11.18,5,unscored_mover,3.1,extended,,,True,True,False,data_gap,none
SUNB,2026-04-17,gain_10d_12pct,13.31,10,unscored_mover,3.1,extended,,,True,True,False,data_gap,none
SHOP,2026-04-17,gain_5d_10pct,18.38,5,unscored_mover,3.1,extended,,,True,True,False,data_gap,none
RDDT,2026-04-17,gain_5d_10pct,17.23,5,unscored_mover,3.1,extended,,,True,True,False,data_gap,none
SE,2026-04-17,gain_10d_12pct,12.25,10,unscored_mover,3.1,extended,,,True,True,False,data_gap,none
NET,2026-04-17,gain_5d_10pct,20.36,5,unscored_mover,3.1,extended,,,True,True,False,data_gap,none
SAP,2026-04-17,gain_5d_10pct,11.11,5,unscored_mover,3.1,extended,,,True,True,False,data_gap,none
SYM,2026-04-17,gain_10d_12pct,22.47,10,unscored_mover,3.1,extended,,,True,True,False,data_gap,none
SPOT,2026-04-17,gain_5d_10pct,12.74,5,unscored_mover,3.1,extended,,,True,True,False,data_gap,none
RELX,2026-04-17,gain_5d_10pct,10.15,5,unscored_mover,3.1,extended,,,True,True,False,data_gap,none
UI,2026-04-17,gain_10d_12pct,29.59,10,unscored_mover,3.1,extended,,,False,True,False,data_gap,none
SYM,2026-04-17,gain_5d_10pct,17.35,5,unscored_mover,3.1,extended,,,True,True,False,data_gap,none
UI,2026-04-17,gain_5d_10pct,17.15,5,unscored_mover,3.1,extended,,,False,True,False,data_gap,none
BIDU,2026-04-17,gain_5d_10pct,16.35,5,unscored_mover,3.1,extended,,,True,True,False,data_gap,none
IFNNY,2026-04-17,gain_10d_12pct,26.86,10,unscored_mover,3.1,extended,,,False,True,False,data_gap,none
MSTR,2026-04-17,gain_5d_10pct,29.45,5,unscored_mover,3.1,extended,,,True,True,False,data_gap,none
IFNNY,2026-04-17,gain_5d_10pct,14.29,5,unscored_mover,3.1,extended,,,False,True,False,data_gap,none
RELX,2026-04-17,gain_5d_10pct,10.15,5,unscored_mover,3.1,extended,,,True,True,False,data_gap,none
UI,2026-04-17,gain_5d_10pct,17.15,5,unscored_mover,3.1,extended,,,False,True,False,data_gap,none
SPOT,2026-04-17,gain_5d_10pct,12.74,5,unscored_mover,3.1,extended,,,True,True,False,data_gap,none
STM,2026-04-17,gain_5d_10pct,12.01,5,unscored_mover,3.1,extended,,,True,True,False,data_gap,none
VIK,2026-04-17,gain_5d_10pct,11.18,5,unscored_mover,3.1,extended,,,True,True,False,data_gap,none
RKT,2026-04-17,gain_5d_10pct,11.99,5,unscored_mover,3.1,extended,,,True,True,False,data_gap,none
BBD,2026-04-17,gain_10d_12pct,13.48,10,unscored_mover,3.1,extended,,,True,True,False,data_gap,none
STM,2026-04-17,gain_5d_10pct,12.01,5,unscored_mover,3.1,extended,,,True,True,False,data_gap,none
IFNNY,2026-04-17,gain_5d_10pct,14.29,5,unscored_mover,3.1,extended,,,False,True,False,data_gap,none
RDDT,2026-04-17,gain_5d_10pct,17.23,5,unscored_mover,3.1,extended,,,True,True,False,data_gap,none
ATEYY,2026-04-17,gain_5d_10pct,14.17,5,unscored_mover,3.1,extended,,,False,True,False,data_gap,none
RKT,2026-04-17,gain_5d_10pct,11.99,5,unscored_mover,3.1,extended,,,True,True,False,data_gap,none
KB,2026-04-17,gain_10d_12pct,12.41,10,unscored_mover,3.1,extended,,,True,True,False,data_gap,none
BIDU,2026-04-17,gain_5d_10pct,16.35,5,unscored_mover,3.1,extended,,,True,True,False,data_gap,none
BN,2026-04-17,gain_5d_10pct,10.56,5,unscored_mover,3.1,extended,,,True,True,False,data_gap,none
SYM,2026-04-17,gain_5d_10pct,17.35,5,unscored_mover,3.1,extended,,,True,True,False,data_gap,none
VIK,2026-04-17,gain_10d_12pct,20.03,10,unscored_mover,3.1,extended,,,True,True,False,data_gap,none
ASX,2026-04-17,gain_5d_10pct,15.1,5,unscored_mover,3.1,extended,,,True,True,False,data_gap,none
BABA,2026-04-17,gain_5d_10pct,10.74,5,unscored_mover,3.1,extended,,,True,True,False,data_gap,none
IFNNY,2026-04-17,gain_5d_10pct,14.29,5,unscored_mover,3.1,extended,,,False,True,False,data_gap,none
ASX,2026-04-17,gain_10d_12pct,28.84,10,unscored_mover,3.1,extended,,,True,True,False,data_gap,none
ASX,2026-04-17,gain_5d_10pct,15.1,5,unscored_mover,3.1,extended,,,True,True,False,data_gap,none
BABA,2026-04-17,gain_10d_12pct,17.78,10,unscored_mover,3.1,extended,,,True,True,False,data_gap,none
BABA,2026-04-17,gain_5d_10pct,10.74,5,unscored_mover,3.1,extended,,,True,True,False,data_gap,none
BAM,2026-04-17,gain_10d_12pct,12.14,10,unscored_mover,3.1,extended,,,True,True,False,data_gap,none
CLS,2026-04-17,gain_10d_12pct,33.18,10,unscored_mover,3.1,extended,,,True,True,False,data_gap,none
NET,2026-04-17,gain_5d_10pct,20.36,5,unscored_mover,3.1,extended,,,True,True,False,data_gap,none
RVMD,2026-04-16,gain_10d_12pct,56.53,10,unscored_mover,3.1,extended,,,True,True,False,data_gap,none
TRI,2026-04-16,gain_5d_10pct,11.77,5,unscored_mover,3.1,extended,,,True,True,False,data_gap,none
TRI,2026-04-16,gain_5d_10pct,11.77,5,unscored_mover,3.1,extended,,,True,True,False,data_gap,none
CRWV,2026-04-16,gain_10d_12pct,47.71,10,unscored_mover,3.1,extended,,,True,True,False,data_gap,none
ALAB,2026-04-15,gain_10d_12pct,46.91,10,unscored_mover,3.1,extended,,,True,True,False,data_gap,none
LPLA,2026-04-15,gain_10d_12pct,12.85,10,unscored_mover,3.1,extended,,,True,True,False,data_gap,none
NBIS,2026-04-15,gain_10d_12pct,53.25,10,unscored_mover,3.1,extended,,,True,True,False,data_gap,none
RVMD,2026-04-15,gain_5d_10pct,58.19,5,unscored_mover,3.1,extended,,,True,True,False,data_gap,none
SNOW,2026-04-15,gain_5d_10pct,19.3,5,unscored_mover,3.1,extended,,,True,True,False,data_gap,none
CRDO,2026-04-15,gain_10d_12pct,65.94,10,unscored_mover,3.1,extended,,,True,True,False,data_gap,none
RVMD,2026-04-15,gain_5d_10pct,58.19,5,unscored_mover,3.1,extended,,,True,True,False,data_gap,none
CPNG,2026-04-15,gain_10d_12pct,12.35,10,unscored_mover,3.1,extended,,,True,True,False,data_gap,none
SNOW,2026-04-15,gain_5d_10pct,19.3,5,unscored_mover,3.1,extended,,,True,True,False,data_gap,none
CRWD,2026-05-01,gain_20d_20pct,20.22,20,true_miss,2.3,primary,2.0,Incomplete,True,True,True,data_gap,scores_join
DDOG,2026-05-01,gain_20d_20pct,33.37,20,true_miss,2.3,primary,16.0,Incomplete,True,True,True,data_gap,scores_join
APO,2026-05-01,gain_20d_20pct,26.04,20,scored_missed,2.3,primary,45.257305839974876,C,True,True,True,scoring_blind_spot,scores_join
CDNS,2026-05-01,gain_20d_20pct,27.36,20,true_miss,2.3,primary,27.375,Reject,True,True,True,scoring_blind_spot,scores_join
CRWD,2026-05-01,gain_20d_20pct,20.22,20,true_miss,2.3,primary,2.0,Incomplete,True,True,True,data_gap,scores_join
APO,2026-05-01,gain_20d_20pct,26.04,20,scored_missed,2.3,primary,45.257305839974876,C,True,True,True,scoring_blind_spot,scores_join
CDNS,2026-05-01,gain_20d_20pct,27.36,20,true_miss,2.3,primary,27.375,Reject,True,True,True,scoring_blind_spot,scores_join
PWR,2026-05-01,gain_20d_20pct,26.8,20,true_miss,2.3,primary,26.25,Incomplete,True,True,True,data_gap,scores_join
DDOG,2026-05-01,gain_20d_20pct,33.37,20,true_miss,2.3,primary,16.0,Incomplete,True,True,True,data_gap,scores_join
STX,2026-05-01,gain_20d_20pct,44.48,20,true_miss,2.3,primary,23.4375,Incomplete,True,True,True,data_gap,scores_join
APO,2026-05-01,gain_20d_20pct,26.04,20,scored_missed,2.3,primary,45.257305839974876,C,True,True,True,scoring_blind_spot,scores_join
STX,2026-05-01,gain_20d_20pct,44.48,20,true_miss,2.3,primary,23.4375,Incomplete,True,True,True,data_gap,scores_join
NXPI,2026-05-01,gain_20d_20pct,44.46,20,true_miss,2.3,primary,21.0,Incomplete,True,True,True,data_gap,scores_join
DDOG,2026-05-01,gain_20d_20pct,33.37,20,true_miss,2.3,primary,16.0,Incomplete,True,True,True,data_gap,scores_join
PWR,2026-05-01,gain_20d_20pct,26.8,20,true_miss,2.3,primary,26.25,Incomplete,True,True,True,data_gap,scores_join
NXPI,2026-05-01,gain_20d_20pct,44.46,20,true_miss,2.3,primary,21.0,Incomplete,True,True,True,data_gap,scores_join
ELV,2026-04-30,gain_20d_20pct,20.83,20,unscored_mover,2.3,primary,,,True,True,False,data_gap,none
QCOM,2026-04-30,gain_20d_20pct,40.23,20,unscored_mover,2.3,primary,,,True,True,False,data_gap,none
CNC,2026-04-30,gain_20d_20pct,43.94,20,unscored_mover,2.3,primary,,,True,True,False,data_gap,none
QCOM,2026-04-30,gain_20d_20pct,40.23,20,unscored_mover,2.3,primary,,,True,True,False,data_gap,none
ELV,2026-04-30,gain_20d_20pct,20.83,20,unscored_mover,2.3,primary,,,True,True,False,data_gap,none
CNC,2026-04-30,gain_20d_20pct,43.94,20,unscored_mover,2.3,primary,,,True,True,False,data_gap,none
HUM,2026-04-29,gain_20d_20pct,23.21,20,unscored_mover,2.3,primary,,,True,True,False,data_gap,none
HUM,2026-04-29,gain_20d_20pct,23.21,20,unscored_mover,2.3,primary,,,True,True,False,data_gap,none
MU,2026-04-27,gain_20d_20pct,38.93,20,unscored_mover,2.3,primary,,,True,True,False,data_gap,none
FIX,2026-04-27,gain_20d_20pct,25.91,20,unscored_mover,2.3,primary,,,True,True,False,data_gap,none
STLD,2026-04-27,gain_20d_20pct,27.0,20,unscored_mover,2.3,primary,,,True,True,False,data_gap,none
STLD,2026-04-27,gain_20d_20pct,27.0,20,unscored_mover,2.3,primary,,,True,True,False,data_gap,none
SNDK,2026-04-27,gain_20d_20pct,50.56,20,unscored_mover,2.3,primary,,,True,True,False,data_gap,none
STLD,2026-04-27,gain_20d_20pct,27.0,20,unscored_mover,2.3,primary,,,True,True,False,data_gap,none
FIX,2026-04-27,gain_20d_20pct,25.91,20,unscored_mover,2.3,primary,,,True,True,False,data_gap,none
SNDK,2026-04-27,gain_20d_20pct,50.56,20,unscored_mover,2.3,primary,,,True,True,False,data_gap,none
MU,2026-04-27,gain_20d_20pct,38.93,20,unscored_mover,2.3,primary,,,True,True,False,data_gap,none
AMD,2026-04-24,gain_20d_20pct,59.91,20,unscored_mover,2.3,primary,,,True,True,False,data_gap,none
AMZN,2026-04-24,gain_20d_20pct,25.85,20,unscored_mover,2.3,primary,,,True,True,False,data_gap,none
CMI,2026-04-24,gain_20d_20pct,20.21,20,unscored_mover,2.3,primary,,,True,True,False,data_gap,none
Q,2026-04-24,gain_20d_20pct,23.99,20,unscored_mover,2.3,primary,,,True,True,False,data_gap,none
INTC,2026-04-24,gain_20d_20pct,63.83,20,unscored_mover,2.3,primary,,,True,True,False,data_gap,none
TER,2026-04-24,gain_20d_20pct,35.03,20,unscored_mover,2.3,primary,,,True,True,False,data_gap,none
MPWR,2026-04-24,gain_20d_20pct,45.92,20,unscored_mover,2.3,primary,,,True,True,False,data_gap,none
KLAC,2026-04-24,gain_20d_20pct,27.57,20,unscored_mover,2.3,primary,,,True,True,False,data_gap,none
AMZN,2026-04-24,gain_20d_20pct,25.85,20,unscored_mover,2.3,primary,,,True,True,False,data_gap,none
SNPS,2026-04-24,gain_20d_20pct,26.49,20,unscored_mover,2.3,primary,,,True,True,False,data_gap,none
KLAC,2026-04-24,gain_20d_20pct,27.57,20,unscored_mover,2.3,primary,,,True,True,False,data_gap,none
JBL,2026-04-24,gain_20d_20pct,27.22,20,unscored_mover,2.3,primary,,,True,True,False,data_gap,none
ON,2026-04-24,gain_20d_20pct,58.22,20,unscored_mover,2.3,primary,,,True,True,False,data_gap,none
TER,2026-04-24,gain_20d_20pct,35.03,20,unscored_mover,2.3,primary,,,True,True,False,data_gap,none
INTC,2026-04-24,gain_20d_20pct,63.83,20,unscored_mover,2.3,primary,,,True,True,False,data_gap,none
MPWR,2026-04-24,gain_20d_20pct,45.92,20,unscored_mover,2.3,primary,,,True,True,False,data_gap,none
AMZN,2026-04-24,gain_20d_20pct,25.85,20,unscored_mover,2.3,primary,,,True,True,False,data_gap,none
SNPS,2026-04-24,gain_20d_20pct,26.49,20,unscored_mover,2.3,primary,,,True,True,False,data_gap,none
Q,2026-04-24,gain_20d_20pct,23.99,20,unscored_mover,2.3,primary,,,True,True,False,data_gap,none
NUE,2026-04-24,gain_20d_20pct,24.25,20,unscored_mover,2.3,primary,,,True,True,False,data_gap,none
CMI,2026-04-24,gain_20d_20pct,20.21,20,unscored_mover,2.3,primary,,,True,True,False,data_gap,none
UNH,2026-04-24,gain_20d_20pct,28.01,20,unscored_mover,2.3,primary,,,True,True,False,data_gap,none
AMD,2026-04-24,gain_20d_20pct,59.91,20,unscored_mover,2.3,primary,,,True,True,False,data_gap,none
NUE,2026-04-24,gain_20d_20pct,24.25,20,unscored_mover,2.3,primary,,,True,True,False,data_gap,none
JBL,2026-04-24,gain_20d_20pct,27.22,20,unscored_mover,2.3,primary,,,True,True,False,data_gap,none
ON,2026-04-24,gain_20d_20pct,58.22,20,unscored_mover,2.3,primary,,,True,True,False,data_gap,none
UNH,2026-04-24,gain_20d_20pct,28.01,20,unscored_mover,2.3,primary,,,True,True,False,data_gap,none
TXN,2026-04-23,gain_20d_20pct,44.83,20,unscored_mover,2.3,primary,,,True,True,False,data_gap,none
GEV,2026-04-23,gain_20d_20pct,27.93,20,unscored_mover,2.3,primary,,,True,True,False,data_gap,none
ADI,2026-04-23,gain_20d_20pct,26.87,20,unscored_mover,2.3,primary,,,True,True,False,data_gap,none
MCHP,2026-04-23,gain_20d_20pct,38.17,20,unscored_mover,2.3,primary,,,True,True,False,data_gap,none
TXN,2026-04-23,gain_20d_20pct,44.83,20,unscored_mover,2.3,primary,,,True,True,False,data_gap,none
GEV,2026-04-23,gain_20d_20pct,27.93,20,unscored_mover,2.3,primary,,,True,True,False,data_gap,none
URI,2026-04-23,gain_20d_20pct,34.79,20,unscored_mover,2.3,primary,,,True,True,False,data_gap,none
URI,2026-04-23,gain_20d_20pct,34.79,20,unscored_mover,2.3,primary,,,True,True,False,data_gap,none
GEV,2026-04-23,gain_20d_20pct,27.93,20,unscored_mover,2.3,primary,,,True,True,False,data_gap,none
ADI,2026-04-23,gain_20d_20pct,26.87,20,unscored_mover,2.3,primary,,,True,True,False,data_gap,none
MCHP,2026-04-23,gain_20d_20pct,38.17,20,unscored_mover,2.3,primary,,,True,True,False,data_gap,none
CVNA,2026-04-22,gain_20d_20pct,32.77,20,unscored_mover,2.3,primary,,,True,True,False,data_gap,none
ORCL,2026-04-22,gain_20d_20pct,28.09,20,unscored_mover,2.3,primary,,,True,True,False,data_gap,none
APP,2026-04-22,gain_20d_20pct,25.19,20,unscored_mover,2.3,primary,,,True,True,False,data_gap,none
APP,2026-04-22,gain_20d_20pct,25.19,20,unscored_mover,2.3,primary,,,True,True,False,data_gap,none
APP,2026-04-22,gain_20d_20pct,25.19,20,unscored_mover,2.3,primary,,,True,True,False,data_gap,none
ORCL,2026-04-22,gain_20d_20pct,28.09,20,unscored_mover,2.3,primary,,,True,True,False,data_gap,none
CVNA,2026-04-22,gain_20d_20pct,32.77,20,unscored_mover,2.3,primary,,,True,True,False,data_gap,none
ANET,2026-04-22,gain_20d_20pct,40.3,20,unscored_mover,2.3,primary,,,True,True,False,data_gap,none
ANET,2026-04-22,gain_20d_20pct,40.3,20,unscored_mover,2.3,primary,,,True,True,False,data_gap,none
ORCL,2026-04-22,gain_20d_20pct,28.09,20,unscored_mover,2.3,primary,,,True,True,False,data_gap,none
DELL,2026-04-21,gain_20d_20pct,25.37,20,unscored_mover,2.3,primary,,,True,True,False,data_gap,none
EXPE,2026-04-21,gain_20d_20pct,20.26,20,unscored_mover,2.3,primary,,,True,True,False,data_gap,none
DELL,2026-04-21,gain_20d_20pct,25.37,20,unscored_mover,2.3,primary,,,True,True,False,data_gap,none
DELL,2026-04-21,gain_20d_20pct,25.37,20,unscored_mover,2.3,primary,,,True,True,False,data_gap,none
EXPE,2026-04-21,gain_20d_20pct,20.26,20,unscored_mover,2.3,primary,,,True,True,False,data_gap,none
DASH,2026-04-20,gain_20d_20pct,26.41,20,unscored_mover,2.3,primary,,,True,True,False,data_gap,none
VRT,2026-04-20,gain_20d_20pct,25.47,20,unscored_mover,2.3,primary,,,True,True,False,data_gap,none
DASH,2026-04-20,gain_20d_20pct,26.41,20,unscored_mover,2.3,primary,,,True,True,False,data_gap,none
WDC,2026-04-20,gain_20d_20pct,38.31,20,unscored_mover,2.3,primary,,,True,True,False,data_gap,none
COHR,2026-04-20,gain_20d_20pct,45.88,20,unscored_mover,2.3,primary,,,True,True,False,data_gap,none
COHR,2026-04-20,gain_20d_20pct,45.88,20,unscored_mover,2.3,primary,,,True,True,False,data_gap,none
VRT,2026-04-20,gain_20d_20pct,25.47,20,unscored_mover,2.3,primary,,,True,True,False,data_gap,none
WDC,2026-04-20,gain_20d_20pct,38.31,20,unscored_mover,2.3,primary,,,True,True,False,data_gap,none
COHR,2026-04-20,gain_20d_20pct,45.88,20,unscored_mover,2.3,primary,,,True,True,False,data_gap,none
TEL,2026-04-17,gain_20d_20pct,21.77,20,unscored_mover,2.3,primary,,,True,True,False,data_gap,none
C,2026-04-17,gain_20d_20pct,23.1,20,unscored_mover,2.3,primary,,,True,True,False,data_gap,none
HOOD,2026-04-17,gain_20d_20pct,37.46,20,unscored_mover,2.3,primary,,,True,True,False,data_gap,none
IRM,2026-04-17,gain_20d_20pct,20.11,20,unscored_mover,2.3,primary,,,True,True,False,data_gap,none
GOOGL,2026-04-17,gain_20d_20pct,24.55,20,unscored_mover,2.3,primary,,,True,True,False,data_gap,none
TEL,2026-04-17,gain_20d_20pct,21.77,20,unscored_mover,2.3,primary,,,True,True,False,data_gap,none
META,2026-04-17,gain_20d_20pct,30.97,20,unscored_mover,2.3,primary,,,True,True,False,data_gap,none
META,2026-04-17,gain_20d_20pct,30.97,20,unscored_mover,2.3,primary,,,True,True,False,data_gap,none
LRCX,2026-04-17,gain_20d_20pct,26.58,20,unscored_mover,2.3,primary,,,True,True,False,data_gap,none
IBKR,2026-04-17,gain_20d_20pct,27.27,20,unscored_mover,2.3,primary,,,True,True,False,data_gap,none
META,2026-04-17,gain_20d_20pct,30.97,20,unscored_mover,2.3,primary,,,True,True,False,data_gap,none
AVGO,2026-04-17,gain_20d_20pct,35.21,20,unscored_mover,2.3,primary,,,True,True,False,data_gap,none
HOOD,2026-04-17,gain_20d_20pct,37.46,20,unscored_mover,2.3,primary,,,True,True,False,data_gap,none
CCL,2026-04-17,gain_20d_20pct,20.79,20,unscored_mover,2.3,primary,,,True,True,False,data_gap,none
COIN,2026-04-17,gain_20d_20pct,28.04,20,unscored_mover,2.3,primary,,,True,True,False,data_gap,none
CCL,2026-04-17,gain_20d_20pct,20.79,20,unscored_mover,2.3,primary,,,True,True,False,data_gap,none
GOOGL,2026-04-17,gain_20d_20pct,24.55,20,unscored_mover,2.3,primary,,,True,True,False,data_gap,none
AVGO,2026-04-17,gain_20d_20pct,35.21,20,unscored_mover,2.3,primary,,,True,True,False,data_gap,none
COIN,2026-04-17,gain_20d_20pct,28.04,20,unscored_mover,2.3,primary,,,True,True,False,data_gap,none
LRCX,2026-04-17,gain_20d_20pct,26.58,20,unscored_mover,2.3,primary,,,True,True,False,data_gap,none
AVGO,2026-04-17,gain_20d_20pct,35.21,20,unscored_mover,2.3,primary,,,True,True,False,data_gap,none
IBKR,2026-04-17,gain_20d_20pct,27.27,20,unscored_mover,2.3,primary,,,True,True,False,data_gap,none
C,2026-04-17,gain_20d_20pct,23.1,20,unscored_mover,2.3,primary,,,True,True,False,data_gap,none
IRM,2026-04-17,gain_20d_20pct,20.11,20,unscored_mover,2.3,primary,,,True,True,False,data_gap,none
GOOGL,2026-04-17,gain_20d_20pct,24.55,20,unscored_mover,2.3,primary,,,True,True,False,data_gap,none
APH,2026-04-17,gain_20d_20pct,22.2,20,unscored_mover,2.3,primary,,,True,True,False,data_gap,none
COIN,2026-04-17,gain_20d_20pct,28.04,20,unscored_mover,2.3,primary,,,True,True,False,data_gap,none
APH,2026-04-17,gain_20d_20pct,22.2,20,unscored_mover,2.3,primary,,,True,True,False,data_gap,none
NET,2026-05-01,gain_20d_20pct,30.25,20,true_miss,2.1,extended,0.0,Incomplete,True,True,True,data_gap,scores_join
NOK,2026-05-01,gain_20d_20pct,40.59,20,true_miss,2.1,extended,0.0,Incomplete,True,True,True,data_gap,scores_join
NET,2026-05-01,gain_20d_20pct,30.25,20,true_miss,2.1,extended,0.0,Incomplete,True,True,True,data_gap,scores_join
NOK,2026-05-01,gain_20d_20pct,40.59,20,true_miss,2.1,extended,0.0,Incomplete,True,True,True,data_gap,scores_join
BE,2026-04-29,gain_20d_20pct,79.84,20,unscored_mover,2.1,extended,,,True,True,False,data_gap,none
BE,2026-04-29,gain_20d_20pct,79.84,20,unscored_mover,2.1,extended,,,True,True,False,data_gap,none
BE,2026-04-29,gain_20d_20pct,79.84,20,unscored_mover,2.1,extended,,,True,True,False,data_gap,none
ARM,2026-04-24,gain_20d_20pct,57.47,20,unscored_mover,2.1,extended,,,True,True,False,data_gap,none
ALAB,2026-04-24,gain_20d_20pct,81.7,20,unscored_mover,2.1,extended,,,True,True,False,data_gap,none
ATEYY,2026-04-24,gain_20d_20pct,39.3,20,unscored_mover,2.1,extended,,,False,True,False,data_gap,none
STM,2026-04-24,gain_20d_20pct,47.06,20,unscored_mover,2.1,extended,,,True,True,False,data_gap,none
ARM,2026-04-24,gain_20d_20pct,57.47,20,unscored_mover,2.1,extended,,,True,True,False,data_gap,none
SUNB,2026-04-24,gain_20d_20pct,21.86,20,unscored_mover,2.1,extended,,,True,True,False,data_gap,none
ARM,2026-04-24,gain_20d_20pct,57.47,20,unscored_mover,2.1,extended,,,True,True,False,data_gap,none
CRDO,2026-04-24,gain_20d_20pct,92.25,20,unscored_mover,2.1,extended,,,True,True,False,data_gap,none
GFS,2026-04-24,gain_20d_20pct,41.23,20,unscored_mover,2.1,extended,,,True,True,False,data_gap,none
IFNNY,2026-04-24,gain_20d_20pct,41.67,20,unscored_mover,2.1,extended,,,False,True,False,data_gap,none
CRDO,2026-04-24,gain_20d_20pct,92.25,20,unscored_mover,2.1,extended,,,True,True,False,data_gap,none
FLEX,2026-04-24,gain_20d_20pct,33.27,20,unscored_mover,2.1,extended,,,True,True,False,data_gap,none
FLEX,2026-04-24,gain_20d_20pct,33.27,20,unscored_mover,2.1,extended,,,True,True,False,data_gap,none
STM,2026-04-24,gain_20d_20pct,47.06,20,unscored_mover,2.1,extended,,,True,True,False,data_gap,none
ALAB,2026-04-24,gain_20d_20pct,81.7,20,unscored_mover,2.1,extended,,,True,True,False,data_gap,none
GFS,2026-04-24,gain_20d_20pct,41.23,20,unscored_mover,2.1,extended,,,True,True,False,data_gap,none
ATEYY,2026-04-24,gain_20d_20pct,39.3,20,unscored_mover,2.1,extended,,,False,True,False,data_gap,none
STM,2026-04-24,gain_20d_20pct,47.06,20,unscored_mover,2.1,extended,,,True,True,False,data_gap,none
IFNNY,2026-04-24,gain_20d_20pct,41.67,20,unscored_mover,2.1,extended,,,False,True,False,data_gap,none
SUNB,2026-04-24,gain_20d_20pct,21.86,20,unscored_mover,2.1,extended,,,True,True,False,data_gap,none
ASX,2026-04-24,gain_20d_20pct,43.63,20,unscored_mover,2.1,extended,,,True,True,False,data_gap,none
IFNNY,2026-04-24,gain_20d_20pct,41.67,20,unscored_mover,2.1,extended,,,False,True,False,data_gap,none
ASX,2026-04-24,gain_20d_20pct,43.63,20,unscored_mover,2.1,extended,,,True,True,False,data_gap,none
MRVL,2026-04-23,gain_20d_20pct,54.57,20,unscored_mover,2.1,extended,,,True,True,False,data_gap,none
MRVL,2026-04-23,gain_20d_20pct,54.57,20,unscored_mover,2.1,extended,,,True,True,False,data_gap,none
MSTR,2026-04-22,gain_20d_20pct,49.68,20,unscored_mover,2.1,extended,,,True,True,False,data_gap,none
UMC,2026-04-22,gain_20d_20pct,46.6,20,unscored_mover,2.1,extended,,,True,True,False,data_gap,none
MSTR,2026-04-22,gain_20d_20pct,49.68,20,unscored_mover,2.1,extended,,,True,True,False,data_gap,none
UMC,2026-04-22,gain_20d_20pct,46.6,20,unscored_mover,2.1,extended,,,True,True,False,data_gap,none
BNTX,2026-04-21,gain_20d_20pct,24.8,20,unscored_mover,2.1,extended,,,True,True,False,data_gap,none
BNTX,2026-04-21,gain_20d_20pct,24.8,20,unscored_mover,2.1,extended,,,True,True,False,data_gap,none
CLS,2026-04-20,gain_20d_20pct,42.4,20,unscored_mover,2.1,extended,,,True,True,False,data_gap,none
CLS,2026-04-20,gain_20d_20pct,42.4,20,unscored_mover,2.1,extended,,,True,True,False,data_gap,none
CUK,2026-04-17,gain_20d_20pct,21.11,20,unscored_mover,2.1,extended,,,True,True,False,data_gap,none
RTNTF,2026-04-17,gain_20d_20pct,28.18,20,unscored_mover,2.1,extended,,,True,True,False,data_gap,none
VIK,2026-04-17,gain_20d_20pct,25.11,20,unscored_mover,2.1,extended,,,True,True,False,data_gap,none
ARGX,2026-04-17,gain_20d_20pct,22.8,20,unscored_mover,2.1,extended,,,True,True,False,data_gap,none
RTNTF,2026-04-17,gain_20d_20pct,28.18,20,unscored_mover,2.1,extended,,,True,True,False,data_gap,none
RDDT,2026-04-17,gain_20d_20pct,34.44,20,unscored_mover,2.1,extended,,,True,True,False,data_gap,none
ARGX,2026-04-17,gain_20d_20pct,22.8,20,unscored_mover,2.1,extended,,,True,True,False,data_gap,none
SYM,2026-04-17,gain_20d_20pct,25.29,20,unscored_mover,2.1,extended,,,True,True,False,data_gap,none
UI,2026-04-17,gain_20d_20pct,39.05,20,unscored_mover,2.1,extended,,,False,True,False,data_gap,none
BBD,2026-04-17,gain_20d_20pct,20.63,20,unscored_mover,2.1,extended,,,True,True,False,data_gap,none
RTNTF,2026-04-17,gain_20d_20pct,28.18,20,unscored_mover,2.1,extended,,,True,True,False,data_gap,none
VIK,2026-04-17,gain_20d_20pct,25.11,20,unscored_mover,2.1,extended,,,True,True,False,data_gap,none
UI,2026-04-17,gain_20d_20pct,39.05,20,unscored_mover,2.1,extended,,,False,True,False,data_gap,none
RKT,2026-04-17,gain_20d_20pct,21.65,20,unscored_mover,2.1,extended,,,True,True,False,data_gap,none
BBD,2026-04-17,gain_20d_20pct,20.63,20,unscored_mover,2.1,extended,,,True,True,False,data_gap,none
RDDT,2026-04-17,gain_20d_20pct,34.44,20,unscored_mover,2.1,extended,,,True,True,False,data_gap,none
SAN,2026-04-17,gain_20d_20pct,20.94,20,unscored_mover,2.1,extended,,,True,True,False,data_gap,none
UBS,2026-04-17,gain_20d_20pct,20.13,20,unscored_mover,2.1,extended,,,True,True,False,data_gap,none
RKT,2026-04-17,gain_20d_20pct,21.65,20,unscored_mover,2.1,extended,,,True,True,False,data_gap,none
BCS,2026-04-17,gain_20d_20pct,20.06,20,unscored_mover,2.1,extended,,,True,True,False,data_gap,none
SYM,2026-04-17,gain_20d_20pct,25.29,20,unscored_mover,2.1,extended,,,True,True,False,data_gap,none
BCS,2026-04-17,gain_20d_20pct,20.06,20,unscored_mover,2.1,extended,,,True,True,False,data_gap,none
UBS,2026-04-17,gain_20d_20pct,20.13,20,unscored_mover,2.1,extended,,,True,True,False,data_gap,none
CUK,2026-04-17,gain_20d_20pct,21.11,20,unscored_mover,2.1,extended,,,True,True,False,data_gap,none
BCS,2026-04-17,gain_20d_20pct,20.06,20,unscored_mover,2.1,extended,,,True,True,False,data_gap,none
ARGX,2026-04-17,gain_20d_20pct,22.8,20,unscored_mover,2.1,extended,,,True,True,False,data_gap,none
SAN,2026-04-17,gain_20d_20pct,20.94,20,unscored_mover,2.1,extended,,,True,True,False,data_gap,none
NBIS,2026-04-16,gain_20d_20pct,64.0,20,unscored_mover,2.1,extended,,,True,True,False,data_gap,none
NBIS,2026-04-16,gain_20d_20pct,64.0,20,unscored_mover,2.1,extended,,,True,True,False,data_gap,none
CRWV,2026-04-16,gain_20d_20pct,59.82,20,unscored_mover,2.1,extended,,,True,True,False,data_gap,none
CRWV,2026-04-16,gain_20d_20pct,59.82,20,unscored_mover,2.1,extended,,,True,True,False,data_gap,none
RVMD,2026-04-15,gain_20d_20pct,63.65,20,unscored_mover,2.1,extended,,,True,True,False,data_gap,none
RVMD,2026-04-15,gain_20d_20pct,63.65,20,unscored_mover,2.1,extended,,,True,True,False,data_gap,none
INTC,2026-05-01,gain_60d_30pct,118.95,60,true_miss,1.3,primary,22.875,Incomplete,True,True,True,data_gap,scores_join
TXN,2026-05-01,gain_60d_30pct,33.93,60,true_miss,1.3,primary,21.0,Incomplete,True,True,True,data_gap,scores_join
STX,2026-05-01,gain_60d_30pct,91.54,60,true_miss,1.3,primary,23.4375,Incomplete,True,True,True,data_gap,scores_join
NXPI,2026-05-01,gain_60d_30pct,31.36,60,true_miss,1.3,primary,21.0,Incomplete,True,True,True,data_gap,scores_join
ON,2026-05-01,gain_60d_30pct,54.98,60,true_miss,1.3,primary,11.875,Incomplete,True,True,True,data_gap,scores_join
JBL,2026-05-01,gain_60d_30pct,31.12,60,true_miss,1.3,primary,25.3125,Incomplete,True,True,True,data_gap,scores_join
AMD,2026-05-01,gain_60d_30pct,80.78,60,true_miss,1.3,primary,20.666666666666668,Reject,True,True,True,scoring_blind_spot,scores_join
AVGO,2026-05-01,gain_60d_30pct,32.14,60,true_miss,1.3,primary,38.29015185352985,Reject,True,True,True,scoring_blind_spot,scores_join
TXN,2026-05-01,gain_60d_30pct,33.93,60,true_miss,1.3,primary,21.0,Incomplete,True,True,True,data_gap,scores_join
JBL,2026-05-01,gain_60d_30pct,31.12,60,true_miss,1.3,primary,25.3125,Incomplete,True,True,True,data_gap,scores_join
AVGO,2026-05-01,gain_60d_30pct,32.14,60,true_miss,1.3,primary,38.29015185352985,Reject,True,True,True,scoring_blind_spot,scores_join
ON,2026-05-01,gain_60d_30pct,54.98,60,true_miss,1.3,primary,11.875,Incomplete,True,True,True,data_gap,scores_join
AMD,2026-05-01,gain_60d_30pct,80.78,60,true_miss,1.3,primary,20.666666666666668,Reject,True,True,True,scoring_blind_spot,scores_join
INTC,2026-05-01,gain_60d_30pct,118.95,60,true_miss,1.3,primary,22.875,Incomplete,True,True,True,data_gap,scores_join
NXPI,2026-05-01,gain_60d_30pct,31.36,60,true_miss,1.3,primary,21.0,Incomplete,True,True,True,data_gap,scores_join
STX,2026-05-01,gain_60d_30pct,91.54,60,true_miss,1.3,primary,23.4375,Incomplete,True,True,True,data_gap,scores_join
MPWR,2026-04-30,gain_60d_30pct,41.28,60,unscored_mover,1.3,primary,,,True,True,False,data_gap,none
ORLY,2026-04-30,52wk_high_breakout,1.42,252,unscored_mover,1.3,primary,,,True,True,False,data_gap,none
AVGO,2026-04-30,gain_60d_30pct,30.63,60,unscored_mover,1.3,primary,,,True,True,False,data_gap,none
MPWR,2026-04-30,gain_60d_30pct,41.28,60,unscored_mover,1.3,primary,,,True,True,False,data_gap,none
CVS,2026-04-29,52wk_high_breakout,0.04,252,unscored_mover,1.3,primary,,,True,True,False,data_gap,none
CVS,2026-04-29,52wk_high_breakout,0.04,252,unscored_mover,1.3,primary,,,True,True,False,data_gap,none
UNH,2026-04-29,52wk_high_breakout,0.22,252,unscored_mover,1.3,primary,,,True,True,False,data_gap,none
UNH,2026-04-29,52wk_high_breakout,0.22,252,unscored_mover,1.3,primary,,,True,True,False,data_gap,none
CNC,2026-04-28,52wk_high_breakout,4.87,252,unscored_mover,1.3,primary,,,True,True,False,data_gap,none
CNC,2026-04-28,52wk_high_breakout,4.87,252,unscored_mover,1.3,primary,,,True,True,False,data_gap,none
DELL,2026-04-24,gain_60d_30pct,81.37,60,unscored_mover,1.3,primary,,,True,True,False,data_gap,none
KLAC,2026-04-24,gain_60d_30pct,30.07,60,unscored_mover,1.3,primary,,,True,True,False,data_gap,none
HPE,2026-04-24,gain_60d_30pct,40.8,60,unscored_mover,1.3,primary,,,True,True,False,data_gap,none
KLAC,2026-04-24,gain_60d_30pct,30.07,60,unscored_mover,1.3,primary,,,True,True,False,data_gap,none
GOOGL,2026-04-24,52wk_high_breakout,0.21,252,unscored_mover,1.3,primary,,,True,True,False,data_gap,none
HPE,2026-04-24,gain_60d_30pct,40.8,60,unscored_mover,1.3,primary,,,True,True,False,data_gap,none
DELL,2026-04-24,gain_60d_30pct,81.37,60,unscored_mover,1.3,primary,,,True,True,False,data_gap,none
DELL,2026-04-24,gain_60d_30pct,81.37,60,unscored_mover,1.3,primary,,,True,True,False,data_gap,none
ANET,2026-04-24,gain_60d_30pct,38.83,60,unscored_mover,1.3,primary,,,True,True,False,data_gap,none
ANET,2026-04-24,gain_60d_30pct,38.83,60,unscored_mover,1.3,primary,,,True,True,False,data_gap,none
GEV,2026-04-23,gain_60d_30pct,38.44,60,unscored_mover,1.3,primary,,,True,True,False,data_gap,none
APD,2026-04-23,52wk_high_breakout,1.45,252,unscored_mover,1.3,primary,,,True,True,False,data_gap,none
APD,2026-04-23,52wk_high_breakout,1.45,252,unscored_mover,1.3,primary,,,True,True,False,data_gap,none
AMZN,2026-04-22,52wk_high_breakout,0.54,252,unscored_mover,1.3,primary,,,True,True,False,data_gap,none
AVGO,2026-04-22,52wk_high_breakout,2.34,252,unscored_mover,1.3,primary,,,True,True,False,data_gap,none
AMZN,2026-04-22,52wk_high_breakout,0.54,252,unscored_mover,1.3,primary,,,True,True,False,data_gap,none
AVGO,2026-04-22,52wk_high_breakout,2.34,252,unscored_mover,1.3,primary,,,True,True,False,data_gap,none
EXPE,2026-04-20,gain_60d_30pct,36.78,60,unscored_mover,1.3,primary,,,True,True,False,data_gap,none
PSA,2026-04-20,52wk_high_breakout,0.12,252,unscored_mover,1.3,primary,,,True,True,False,data_gap,none
PSA,2026-04-20,52wk_high_breakout,0.12,252,unscored_mover,1.3,primary,,,True,True,False,data_gap,none
EXPE,2026-04-20,gain_60d_30pct,36.78,60,unscored_mover,1.3,primary,,,True,True,False,data_gap,none
HPE,2026-04-17,52wk_high_breakout,0.72,252,unscored_mover,1.3,primary,,,True,True,False,data_gap,none
COHR,2026-04-17,gain_60d_30pct,58.83,60,unscored_mover,1.3,primary,,,True,True,False,data_gap,none
HPE,2026-04-17,52wk_high_breakout,0.72,252,unscored_mover,1.3,primary,,,True,True,False,data_gap,none
ABNB,2026-04-17,52wk_high_breakout,1.06,252,unscored_mover,1.3,primary,,,True,True,False,data_gap,none
ANET,2026-04-17,52wk_high_breakout,1.36,252,unscored_mover,1.3,primary,,,True,True,False,data_gap,none
ANET,2026-04-17,52wk_high_breakout,1.36,252,unscored_mover,1.3,primary,,,True,True,False,data_gap,none
ABNB,2026-04-17,52wk_high_breakout,1.06,252,unscored_mover,1.3,primary,,,True,True,False,data_gap,none
EBAY,2026-04-16,52wk_high_breakout,1.18,252,unscored_mover,1.3,primary,,,True,True,False,data_gap,none
AMD,2026-04-16,52wk_high_breakout,5.27,252,unscored_mover,1.3,primary,,,True,True,False,data_gap,none
EBAY,2026-04-16,52wk_high_breakout,1.18,252,unscored_mover,1.3,primary,,,True,True,False,data_gap,none
AMD,2026-04-16,52wk_high_breakout,5.27,252,unscored_mover,1.3,primary,,,True,True,False,data_gap,none
SATS,2026-04-15,52wk_high_breakout,0.23,252,unscored_mover,1.3,primary,,,True,True,False,data_gap,none
MS,2026-04-15,52wk_high_breakout,0.2,252,unscored_mover,1.3,primary,,,True,True,False,data_gap,none
MS,2026-04-15,52wk_high_breakout,0.2,252,unscored_mover,1.3,primary,,,True,True,False,data_gap,none
SATS,2026-04-15,52wk_high_breakout,0.23,252,unscored_mover,1.3,primary,,,True,True,False,data_gap,none
CRWV,2026-05-01,gain_60d_30pct,52.48,60,true_miss,1.1,extended,2.0,Incomplete,True,True,True,data_gap,scores_join
STM,2026-05-01,gain_60d_30pct,66.52,60,true_miss,1.1,extended,26.89854013519549,Reject,True,True,True,scoring_blind_spot,scores_join
CRDO,2026-05-01,gain_60d_30pct,61.43,60,true_miss,1.1,extended,15.375,Incomplete,True,True,True,data_gap,scores_join
ALAB,2026-05-01,gain_60d_30pct,67.48,60,true_miss,1.1,extended,20.375,Reject,True,True,True,scoring_blind_spot,scores_join
CLS,2026-05-01,gain_60d_30pct,56.02,60,true_miss,1.1,extended,32.875,Reject,True,True,True,scoring_blind_spot,scores_join
ALAB,2026-05-01,gain_60d_30pct,67.48,60,true_miss,1.1,extended,20.375,Reject,True,True,True,scoring_blind_spot,scores_join
CLS,2026-05-01,gain_60d_30pct,56.02,60,true_miss,1.1,extended,32.875,Reject,True,True,True,scoring_blind_spot,scores_join
CRWV,2026-05-01,gain_60d_30pct,52.48,60,true_miss,1.1,extended,2.0,Incomplete,True,True,True,data_gap,scores_join
STM,2026-05-01,gain_60d_30pct,66.52,60,true_miss,1.1,extended,26.89854013519549,Reject,True,True,True,scoring_blind_spot,scores_join
CRDO,2026-05-01,gain_60d_30pct,61.43,60,true_miss,1.1,extended,15.375,Incomplete,True,True,True,data_gap,scores_join
NOK,2026-04-30,gain_60d_30pct,67.23,60,unscored_mover,1.1,extended,,,True,True,False,data_gap,none
NOK,2026-04-30,gain_60d_30pct,67.23,60,unscored_mover,1.1,extended,,,True,True,False,data_gap,none
FLEX,2026-04-30,gain_60d_30pct,45.27,60,unscored_mover,1.1,extended,,,True,True,False,data_gap,none
FLEX,2026-04-30,gain_60d_30pct,45.27,60,unscored_mover,1.1,extended,,,True,True,False,data_gap,none
STM,2026-04-30,gain_60d_30pct,64.06,60,unscored_mover,1.1,extended,,,True,True,False,data_gap,none
BE,2026-04-29,gain_60d_30pct,84.99,60,unscored_mover,1.1,extended,,,True,True,False,data_gap,none
ATEYY,2026-04-27,52wk_high_breakout,3.15,252,unscored_mover,1.1,extended,,,False,True,False,data_gap,none
ATEYY,2026-04-27,52wk_high_breakout,3.15,252,unscored_mover,1.1,extended,,,False,True,False,data_gap,none
ARM,2026-04-24,gain_60d_30pct,89.7,60,unscored_mover,1.1,extended,,,True,True,False,data_gap,none
ARM,2026-04-24,gain_60d_30pct,89.7,60,unscored_mover,1.1,extended,,,True,True,False,data_gap,none
MSTR,2026-04-24,gain_60d_30pct,38.24,60,unscored_mover,1.1,extended,,,True,True,False,data_gap,none
ARM,2026-04-24,gain_60d_30pct,89.7,60,unscored_mover,1.1,extended,,,True,True,False,data_gap,none
MSTR,2026-04-24,gain_60d_30pct,38.24,60,unscored_mover,1.1,extended,,,True,True,False,data_gap,none
MRVL,2026-04-24,gain_60d_30pct,111.22,60,unscored_mover,1.1,extended,,,True,True,False,data_gap,none
MRVL,2026-04-24,gain_60d_30pct,111.22,60,unscored_mover,1.1,extended,,,True,True,False,data_gap,none
LSEGY,2026-04-23,52wk_high_breakout,0.12,252,unscored_mover,1.1,extended,,,False,True,False,data_gap,none
LSEGY,2026-04-23,52wk_high_breakout,0.12,252,unscored_mover,1.1,extended,,,False,True,False,data_gap,none
ARM,2026-04-22,52wk_high_breakout,10.05,252,unscored_mover,1.1,extended,,,True,True,False,data_gap,none
ARM,2026-04-22,52wk_high_breakout,10.05,252,unscored_mover,1.1,extended,,,True,True,False,data_gap,none
CRDO,2026-04-22,52wk_high_breakout,0.16,252,unscored_mover,1.1,extended,,,True,True,False,data_gap,none
CRDO,2026-04-22,52wk_high_breakout,0.16,252,unscored_mover,1.1,extended,,,True,True,False,data_gap,none
UMC,2026-04-20,52wk_high_breakout,1.28,252,unscored_mover,1.1,extended,,,True,True,False,data_gap,none
UMC,2026-04-20,52wk_high_breakout,1.28,252,unscored_mover,1.1,extended,,,True,True,False,data_gap,none
MFC,2026-04-15,52wk_high_breakout,0.65,252,unscored_mover,1.1,extended,,,True,True,False,data_gap,none
RVMD,2026-04-15,gain_60d_30pct,58.38,60,unscored_mover,1.1,extended,,,True,True,False,data_gap,none
RVMD,2026-04-15,gain_60d_30pct,58.38,60,unscored_mover,1.1,extended,,,True,True,False,data_gap,none
MFC,2026-04-15,52wk_high_breakout,0.65,252,unscored_mover,1.1,extended,,,True,True,False,data_gap,none
